12.0,0.997,0.053,-0.049,-0.024,0.996,-0.072,-0.035,-0.048,0.998,-0.057,-0.022,0.033,0.999,-0.044,0.01,-0.031,0.976,0.13,-0.161,-0.061,0.983,-0.023,0.181,0.02,0.977,0.04,0.199,-0.062
12.025,0.997,0.055,-0.049,-0.018,0.996,-0.074,-0.028,-0.051,0.998,-0.059,-0.011,0.03,0.999,-0.037,0.012,-0.029,0.974,0.138,-0.169,-0.064,0.993,-0.018,0.112,0.03,0.989,0.059,0.124,-0.048
12.05,0.997,0.057,-0.046,-0.013,0.995,-0.077,-0.02,-0.054,0.998,-0.061,0.001,0.027,0.999,-0.031,0.014,-0.027,0.972,0.144,-0.17,-0.069,0.998,-0.013,0.039,0.044,0.996,0.071,0.046,-0.031
12.075,0.997,0.06,-0.042,-0.011,0.995,-0.078,-0.012,-0.056,0.998,-0.062,0.014,0.029,0.999,-0.029,0.017,-0.026,0.972,0.147,-0.167,-0.073,0.998,-0.01,-0.035,0.057,0.996,0.084,-0.032,-0.013
12.1,0.997,0.064,-0.036,-0.008,0.995,-0.079,-0.003,-0.054,0.997,-0.064,0.027,0.03,0.999,-0.028,0.019,-0.026,0.972,0.147,-0.162,-0.082,0.992,-0.006,-0.108,0.064,0.989,0.098,-0.107,-0.0
12.125,0.997,0.068,-0.03,-0.003,0.995,-0.079,0.003,-0.052,0.997,-0.066,0.042,0.027,0.999,-0.027,0.019,-0.026,0.973,0.146,-0.158,-0.088,0.983,-0.001,-0.175,0.061,0.978,0.114,-0.175,0.004
12.15,0.997,0.071,-0.029,0.003,0.995,-0.082,0.007,-0.057,0.996,-0.069,0.057,0.022,0.999,-0.024,0.021,-0.027,0.973,0.145,-0.152,-0.093,0.972,0.005,-0.231,0.051,0.965,0.133,-0.226,0.006
12.175,0.997,0.074,-0.03,0.007,0.995,-0.084,0.014,-0.058,0.995,-0.07,0.072,0.017,0.999,-0.02,0.024,-0.027,0.973,0.145,-0.147,-0.099,0.961,0.007,-0.272,0.045,0.954,0.142,-0.263,0.011
12.2,0.997,0.077,-0.025,0.007,0.995,-0.086,0.022,-0.054,0.994,-0.071,0.087,0.013,0.999,-0.016,0.03,-0.028,0.973,0.151,-0.145,-0.1,0.955,0.012,-0.295,0.035,0.947,0.151,-0.285,0.005
12.225,0.997,0.08,-0.015,0.011,0.995,-0.086,0.03,-0.051,0.992,-0.073,0.104,0.009,0.999,-0.014,0.036,-0.03,0.971,0.162,-0.146,-0.096,0.953,0.018,-0.301,0.021,0.943,0.159,-0.293,-0.01
12.25,0.996,0.083,-0.009,0.02,0.994,-0.086,0.037,-0.048,0.99,-0.074,0.12,0.005,0.998,-0.013,0.044,-0.032,0.97,0.172,-0.152,-0.085,0.956,0.017,-0.293,0.021,0.945,0.153,-0.288,-0.015
12.275,0.996,0.083,-0.007,0.03,0.995,-0.085,0.044,-0.038,0.988,-0.075,0.136,0.007,0.998,-0.015,0.057,-0.033,0.97,0.174,-0.156,-0.064,0.96,0.013,-0.278,0.03,0.95,0.143,-0.277,-0.013
12.3,0.996,0.083,-0.004,0.042,0.995,-0.08,0.051,-0.02,0.985,-0.074,0.154,0.015,0.997,-0.018,0.075,-0.032,0.972,0.17,-0.154,-0.052,0.964,0.008,-0.261,0.046,0.958,0.132,-0.256,-0.005
12.325,0.995,0.083,-0.002,0.055,0.996,-0.074,0.057,0.0,0.982,-0.074,0.174,0.024,0.995,-0.021,0.097,-0.031,0.975,0.159,-0.145,-0.047,0.966,0.007,-0.253,0.058,0.967,0.133,-0.216,-0.006
12.35,0.995,0.08,0.002,0.064,0.996,-0.068,0.06,0.014,0.977,-0.073,0.196,0.035,0.991,-0.027,0.127,-0.031,0.979,0.148,-0.132,-0.048,0.968,0.01,-0.245,0.059,0.98,0.115,-0.163,-0.008
12.375,0.995,0.075,0.003,0.066,0.996,-0.063,0.058,0.019,0.971,-0.069,0.221,0.054,0.985,-0.042,0.168,-0.028,0.98,0.146,-0.127,-0.045,0.971,0.014,-0.23,0.056,0.99,0.093,-0.108,-0.01
12.4,0.995,0.072,0.003,0.063,0.997,-0.057,0.052,0.017,0.963,-0.063,0.25,0.077,0.973,-0.064,0.22,-0.026,0.98,0.151,-0.125,-0.033,0.975,0.012,-0.212,0.063,0.994,0.085,-0.07,-0.007
12.425,0.996,0.069,0.0,0.058,0.998,-0.044,0.039,0.015,0.953,-0.059,0.283,0.094,0.954,-0.095,0.285,-0.024,0.98,0.153,-0.122,-0.028,0.979,0.013,-0.191,0.071,0.996,0.078,-0.041,-0.004
12.45,0.996,0.065,-0.002,0.057,0.999,-0.03,0.017,0.015,0.94,-0.053,0.32,0.107,0.926,-0.13,0.355,-0.012,0.981,0.152,-0.118,-0.031,0.982,0.015,-0.171,0.073,0.998,0.063,-0.023,-0.005
12.475,0.996,0.06,-0.005,0.059,1.0,-0.019,-0.012,0.017,0.926,-0.046,0.355,0.119,0.892,-0.146,0.428,-0.001,0.982,0.15,-0.108,-0.034,0.985,0.017,-0.153,0.083,0.999,0.045,-0.021,-0.004
12.5,0.997,0.049,-0.01,0.061,0.999,-0.009,-0.045,0.021,0.915,-0.046,0.385,0.114,0.865,-0.146,0.479,0.008,0.983,0.148,-0.099,-0.032,0.986,0.018,-0.138,0.089,0.999,0.031,-0.02,-0.004
12.525,0.998,0.034,-0.019,0.057,0.997,-0.005,-0.076,0.031,0.907,-0.045,0.405,0.108,0.868,-0.127,0.48,0.03,0.985,0.143,-0.091,-0.025,0.987,0.019,-0.126,0.093,1.0,0.018,-0.018,-0.005
12.55,0.998,0.024,-0.027,0.05,0.994,-0.003,-0.104,0.036,0.904,-0.035,0.408,0.124,0.881,-0.086,0.461,0.06,0.987,0.137,-0.086,-0.013,0.988,0.021,-0.116,0.095,1.0,0.01,-0.017,-0.006
12.575,0.998,0.022,-0.031,0.043,0.991,-0.002,-0.131,0.038,0.909,-0.023,0.392,0.141,0.901,-0.041,0.423,0.081,0.988,0.128,-0.085,0.004,0.989,0.024,-0.108,0.096,1.0,0.006,-0.015,-0.006
12.6,0.999,0.022,-0.03,0.036,0.988,-0.003,-0.153,0.034,0.92,-0.013,0.36,0.152,0.925,-0.003,0.37,0.088,0.989,0.119,-0.085,0.019,0.99,0.026,-0.101,0.095,1.0,0.006,-0.012,-0.006
12.625,0.999,0.024,-0.028,0.03,0.985,-0.004,-0.169,0.032,0.936,-0.007,0.314,0.159,0.946,0.016,0.31,0.087,0.99,0.111,-0.082,0.025,0.991,0.027,-0.095,0.092,1.0,0.006,-0.009,-0.007
12.65,0.999,0.027,-0.024,0.022,0.984,-0.01,-0.175,0.039,0.954,-0.007,0.257,0.154,0.967,0.016,0.243,0.078,0.991,0.105,-0.075,0.022,0.992,0.028,-0.09,0.089,1.0,0.006,-0.007,-0.007
12.675,0.999,0.029,-0.021,0.013,0.984,-0.012,-0.171,0.042,0.972,-0.013,0.193,0.132,0.983,-0.002,0.173,0.056,0.993,0.1,-0.068,0.011,0.992,0.029,-0.086,0.086,1.0,0.006,-0.005,-0.008
12.7,0.999,0.031,-0.019,0.004,0.986,-0.012,-0.159,0.041,0.987,-0.019,0.128,0.099,0.994,-0.034,0.1,0.023,0.994,0.094,-0.062,0.002,0.993,0.03,-0.082,0.084,1.0,0.006,-0.003,-0.008
12.725,0.999,0.032,-0.019,-0.001,0.988,-0.014,-0.145,0.042,0.995,-0.016,0.066,0.075,0.997,-0.066,0.039,-0.017,0.994,0.087,-0.058,-0.0,0.993,0.031,-0.078,0.082,1.0,0.007,-0.002,-0.007
12.75,0.999,0.032,-0.016,-0.003,0.99,-0.016,-0.132,0.044,0.998,-0.01,0.017,0.061,0.996,-0.07,-0.003,-0.046,0.995,0.082,-0.054,0.002,0.994,0.031,-0.073,0.082,1.0,0.007,-0.001,-0.007
12.775,0.999,0.029,-0.015,-0.005,0.991,-0.019,-0.121,0.048,0.999,-0.006,-0.018,0.049,0.997,-0.051,-0.029,-0.049,0.996,0.077,-0.05,0.01,0.994,0.031,-0.067,0.082,1.0,0.007,-0.0,-0.007
12.8,1.0,0.025,-0.017,-0.006,0.992,-0.022,-0.116,0.045,0.999,-0.006,-0.036,0.031,0.998,-0.034,-0.034,-0.044,0.996,0.073,-0.046,0.013,0.994,0.031,-0.061,0.082,1.0,0.009,0.001,-0.007
12.825,1.0,0.022,-0.02,-0.006,0.992,-0.025,-0.115,0.037,0.999,-0.004,-0.039,0.012,0.998,-0.026,-0.019,-0.055,0.997,0.069,-0.042,0.013,0.995,0.031,-0.055,0.082,1.0,0.01,0.002,-0.007
12.85,1.0,0.018,-0.02,-0.008,0.993,-0.025,-0.115,0.029,0.999,-0.003,-0.035,0.001,0.998,-0.028,0.001,-0.065,0.997,0.067,-0.036,0.007,0.995,0.03,-0.049,0.082,1.0,0.011,0.002,-0.007
12.875,1.0,0.014,-0.02,-0.014,0.994,-0.025,-0.107,0.029,0.999,-0.003,-0.032,-0.004,0.998,-0.029,0.007,-0.063,0.997,0.065,-0.03,-0.006,0.995,0.029,-0.043,0.084,1.0,0.01,0.002,-0.007
12.9,0.999,0.011,-0.023,-0.022,0.995,-0.024,-0.095,0.026,0.999,-0.005,-0.028,-0.013,0.998,-0.017,0.006,-0.06,0.998,0.063,-0.025,-0.015,0.995,0.028,-0.038,0.086,1.0,0.009,0.002,-0.007
12.925,0.999,0.011,-0.029,-0.03,0.996,-0.025,-0.085,0.018,0.999,-0.006,-0.028,-0.016,0.998,-0.008,0.005,-0.056,0.998,0.061,-0.021,-0.019,0.995,0.026,-0.033,0.087,1.0,0.009,0.003,-0.007
12.95,0.999,0.01,-0.032,-0.038,0.997,-0.027,-0.074,0.005,0.999,-0.008,-0.028,-0.018,0.998,-0.006,0.005,-0.055,0.998,0.058,-0.017,-0.025,0.996,0.025,-0.03,0.086,1.0,0.01,0.003,-0.007
12.975,0.998,0.01,-0.033,-0.044,0.997,-0.028,-0.066,-0.011,0.999,-0.01,-0.028,-0.017,0.999,-0.006,0.006,-0.053,0.998,0.054,-0.012,-0.035,0.996,0.024,-0.027,0.084,1.0,0.012,0.004,-0.007
13.0,0.998,0.01,-0.032,-0.047,0.998,-0.028,-0.058,-0.023,0.999,-0.012,-0.028,-0.019,0.999,-0.008,0.006,-0.053,0.998,0.05,-0.009,-0.044,0.996,0.023,-0.024,0.082,1.0,0.013,0.005,-0.008
13.025,0.998,0.009,-0.033,-0.05,0.998,-0.028,-0.052,-0.031,0.999,-0.015,-0.028,-0.02,0.999,-0.009,0.006,-0.052,0.998,0.047,-0.007,-0.047,0.996,0.022,-0.021,0.081,1.0,0.015,0.007,-0.008
13.05,0.998,0.006,-0.034,-0.053,0.998,-0.03,-0.045,-0.037,0.999,-0.017,-0.027,-0.021,0.999,-0.009,0.007,-0.051,0.998,0.043,-0.004,-0.049,0.996,0.021,-0.018,0.08,1.0,0.016,0.008,-0.008
13.075,0.998,0.003,-0.036,-0.057,0.998,-0.032,-0.04,-0.041,0.999,-0.018,-0.027,-0.02,0.999,-0.008,0.007,-0.051,0.998,0.04,-0.002,-0.052,0.996,0.019,-0.016,0.08,1.0,0.016,0.007,-0.009
13.1,0.998,0.002,-0.036,-0.059,0.998,-0.033,-0.036,-0.04,0.999,-0.02,-0.025,-0.019,0.999,-0.008,0.007,-0.051,0.998,0.036,0.0,-0.053,0.996,0.017,-0.014,0.081,1.0,0.016,0.006,-0.009
13.125,0.998,0.002,-0.037,-0.058,0.998,-0.034,-0.033,-0.041,0.999,-0.022,-0.022,-0.019,0.999,-0.008,0.007,-0.05,0.998,0.033,0.001,-0.052,0.996,0.016,-0.011,0.082,1.0,0.016,0.006,-0.009
13.15,0.998,0.003,-0.036,-0.058,0.998,-0.035,-0.03,-0.047,0.999,-0.024,-0.02,-0.02,0.999,-0.009,0.008,-0.05,0.998,0.031,0.002,-0.047,0.996,0.015,-0.008,0.083,1.0,0.016,0.007,-0.009
13.175,0.998,0.002,-0.037,-0.057,0.998,-0.036,-0.027,-0.054,0.999,-0.026,-0.019,-0.02,0.999,-0.01,0.008,-0.05,0.999,0.029,0.003,-0.041,0.996,0.013,-0.005,0.083,1.0,0.016,0.007,-0.009
13.2,0.998,0.0,-0.039,-0.056,0.997,-0.037,-0.024,-0.058,0.999,-0.028,-0.017,-0.02,0.999,-0.01,0.008,-0.05,0.999,0.026,0.004,-0.039,0.996,0.012,-0.003,0.084,1.0,0.017,0.007,-0.008
13.225,0.998,-0.001,-0.04,-0.055,0.997,-0.039,-0.022,-0.059,0.999,-0.03,-0.015,-0.018,0.999,-0.011,0.009,-0.05,0.999,0.023,0.006,-0.037,0.996,0.011,-0.0,0.085,1.0,0.017,0.007,-0.008
13.25,0.998,-0.001,-0.039,-0.055,0.997,-0.04,-0.019,-0.057,0.999,-0.031,-0.014,-0.017,0.999,-0.011,0.009,-0.05,0.999,0.021,0.007,-0.037,0.996,0.01,0.002,0.086,1.0,0.016,0.007,-0.008
13.275,0.998,-0.001,-0.036,-0.053,0.998,-0.041,-0.017,-0.055,0.999,-0.032,-0.012,-0.015,0.999,-0.011,0.009,-0.05,0.999,0.018,0.009,-0.038,0.996,0.009,0.004,0.086,1.0,0.015,0.007,-0.008
13.3,0.998,-0.001,-0.033,-0.05,0.998,-0.041,-0.015,-0.055,0.999,-0.033,-0.011,-0.015,0.999,-0.011,0.009,-0.05,0.999,0.016,0.01,-0.036,0.996,0.008,0.006,0.086,1.0,0.015,0.008,-0.008
13.325,0.998,-0.002,-0.033,-0.048,0.997,-0.043,-0.014,-0.055,0.999,-0.034,-0.009,-0.015,0.999,-0.01,0.01,-0.05,0.999,0.014,0.011,-0.034,0.996,0.007,0.008,0.086,1.0,0.015,0.009,-0.008
13.35,0.998,-0.003,-0.034,-0.046,0.997,-0.045,-0.013,-0.054,0.999,-0.035,-0.007,-0.015,0.999,-0.01,0.011,-0.05,0.999,0.011,0.013,-0.032,0.996,0.007,0.01,0.086,1.0,0.015,0.009,-0.008
13.375,0.998,-0.003,-0.034,-0.043,0.997,-0.046,-0.012,-0.052,0.999,-0.035,-0.005,-0.012,0.999,-0.01,0.011,-0.05,0.999,0.009,0.014,-0.032,0.996,0.006,0.012,0.087,1.0,0.015,0.01,-0.008
13.4,0.999,-0.001,-0.032,-0.041,0.998,-0.047,-0.011,-0.048,0.999,-0.035,-0.003,-0.009,0.999,-0.009,0.012,-0.05,0.999,0.007,0.015,-0.033,0.996,0.006,0.014,0.088,1.0,0.014,0.011,-0.008
13.425,0.999,-0.001,-0.029,-0.04,0.998,-0.047,-0.01,-0.044,0.999,-0.036,-0.002,-0.007,0.999,-0.009,0.012,-0.05,0.999,0.005,0.017,-0.035,0.996,0.005,0.015,0.088,1.0,0.014,0.011,-0.008
13.45,0.999,-0.001,-0.027,-0.038,0.998,-0.048,-0.009,-0.042,0.999,-0.036,-0.0,-0.006,0.999,-0.009,0.013,-0.05,0.999,0.003,0.018,-0.037,0.996,0.005,0.017,0.088,1.0,0.014,0.012,-0.008
13.475,0.999,-0.001,-0.026,-0.037,0.998,-0.048,-0.009,-0.041,0.999,-0.037,0.001,-0.005,0.999,-0.009,0.013,-0.05,0.999,0.001,0.019,-0.038,0.996,0.005,0.018,0.088,1.0,0.014,0.012,-0.008
13.5,0.999,-0.002,-0.027,-0.036,0.998,-0.049,-0.008,-0.041,0.999,-0.037,0.002,-0.003,0.999,-0.01,0.014,-0.049,0.999,-0.001,0.02,-0.038,0.996,0.005,0.019,0.088,1.0,0.014,0.012,-0.008
13.525,0.999,-0.001,-0.026,-0.034,0.998,-0.049,-0.006,-0.04,0.999,-0.038,0.003,-0.001,0.999,-0.012,0.015,-0.049,0.999,-0.002,0.02,-0.039,0.996,0.005,0.02,0.088,1.0,0.015,0.013,-0.008
13.55,0.999,-0.001,-0.025,-0.032,0.998,-0.048,-0.005,-0.036,0.999,-0.038,0.004,0.001,0.999,-0.013,0.015,-0.049,0.999,-0.003,0.021,-0.04,0.996,0.005,0.022,0.088,1.0,0.014,0.014,-0.008
13.575,0.999,-0.0,-0.021,-0.029,0.998,-0.047,-0.004,-0.032,0.999,-0.038,0.005,0.002,0.999,-0.013,0.016,-0.049,0.999,-0.004,0.023,-0.041,0.996,0.005,0.022,0.088,1.0,0.014,0.014,-0.008
13.6,0.999,0.0,-0.019,-0.027,0.998,-0.047,-0.003,-0.029,0.999,-0.038,0.005,0.003,0.999,-0.013,0.016,-0.049,0.999,-0.006,0.024,-0.04,0.996,0.005,0.023,0.089,1.0,0.015,0.014,-0.008
13.625,1.0,-0.0,-0.019,-0.025,0.999,-0.046,-0.002,-0.027,0.999,-0.038,0.006,0.004,0.999,-0.013,0.017,-0.049,0.999,-0.007,0.025,-0.039,0.996,0.005,0.023,0.089,1.0,0.015,0.014,-0.008
13.65,1.0,-0.001,-0.019,-0.024,0.999,-0.046,-0.001,-0.027,0.999,-0.039,0.007,0.004,0.999,-0.013,0.017,-0.049,0.999,-0.008,0.026,-0.038,0.996,0.005,0.024,0.089,1.0,0.015,0.015,-0.008
13.675,1.0,-0.001,-0.019,-0.024,0.999,-0.046,-0.0,-0.028,0.999,-0.039,0.007,0.003,0.999,-0.013,0.017,-0.049,0.999,-0.009,0.027,-0.039,0.996,0.005,0.025,0.089,1.0,0.015,0.015,-0.008
13.7,1.0,-0.001,-0.017,-0.024,0.999,-0.046,0.001,-0.029,0.999,-0.039,0.008,0.002,0.999,-0.012,0.017,-0.049,0.999,-0.01,0.027,-0.04,0.996,0.005,0.026,0.09,1.0,0.015,0.016,-0.008
13.725,1.0,-0.001,-0.016,-0.024,0.998,-0.046,0.002,-0.03,0.999,-0.039,0.008,0.002,0.999,-0.012,0.017,-0.049,0.999,-0.01,0.027,-0.041,0.996,0.005,0.027,0.09,1.0,0.015,0.016,-0.008
13.75,1.0,-0.001,-0.015,-0.024,0.998,-0.046,0.002,-0.03,0.999,-0.039,0.009,0.002,0.999,-0.012,0.018,-0.049,0.999,-0.01,0.029,-0.043,0.996,0.005,0.027,0.09,1.0,0.015,0.016,-0.008
13.775,1.0,-0.001,-0.015,-0.023,0.999,-0.046,0.002,-0.029,0.999,-0.039,0.011,0.002,0.999,-0.012,0.018,-0.049,0.998,-0.011,0.03,-0.045,0.996,0.005,0.027,0.09,1.0,0.015,0.016,-0.008
13.8,1.0,-0.001,-0.014,-0.024,0.999,-0.046,0.003,-0.029,0.999,-0.039,0.011,0.002,0.999,-0.012,0.018,-0.049,0.998,-0.011,0.03,-0.046,0.996,0.005,0.027,0.09,1.0,0.016,0.016,-0.008
13.825,1.0,-0.002,-0.014,-0.024,0.998,-0.046,0.003,-0.03,0.999,-0.039,0.012,0.001,0.999,-0.012,0.018,-0.049,0.998,-0.012,0.031,-0.049,0.996,0.005,0.027,0.089,1.0,0.016,0.017,-0.008
13.85,1.0,-0.001,-0.013,-0.025,0.998,-0.047,0.003,-0.031,0.999,-0.039,0.013,0.001,0.999,-0.012,0.018,-0.049,0.998,-0.012,0.031,-0.052,0.996,0.005,0.028,0.089,1.0,0.016,0.017,-0.008
13.875,1.0,-0.001,-0.012,-0.024,0.998,-0.047,0.003,-0.032,0.999,-0.039,0.013,0.0,0.999,-0.012,0.019,-0.049,0.998,-0.012,0.032,-0.054,0.996,0.005,0.029,0.089,1.0,0.016,0.017,-0.008
13.9,1.0,-0.0,-0.012,-0.024,0.998,-0.047,0.004,-0.032,0.999,-0.039,0.014,0.0,0.999,-0.012,0.019,-0.049,0.998,-0.013,0.032,-0.055,0.996,0.005,0.029,0.089,1.0,0.016,0.017,-0.008
13.925,1.0,-0.0,-0.011,-0.023,0.998,-0.047,0.004,-0.032,0.999,-0.039,0.014,0.001,0.999,-0.012,0.019,-0.049,0.998,-0.013,0.032,-0.057,0.996,0.005,0.029,0.09,1.0,0.016,0.017,-0.008
13.95,1.0,-0.001,-0.01,-0.023,0.998,-0.047,0.004,-0.03,0.999,-0.039,0.014,0.001,0.999,-0.012,0.019,-0.049,0.998,-0.013,0.032,-0.057,0.996,0.005,0.03,0.09,1.0,0.016,0.017,-0.008
13.975,1.0,-0.001,-0.009,-0.022,0.999,-0.047,0.005,-0.028,0.999,-0.039,0.014,0.002,0.999,-0.012,0.019,-0.049,0.998,-0.014,0.033,-0.059,0.996,0.005,0.031,0.089,1.0,0.016,0.018,-0.008
14.0,1.0,-0.002,-0.007,-0.022,0.999,-0.046,0.005,-0.026,0.999,-0.039,0.014,0.002,0.999,-0.012,0.019,-0.049,0.997,-0.014,0.033,-0.062,0.996,0.006,0.031,0.089,1.0,0.017,0.018,-0.008
14.025,1.0,-0.001,-0.006,-0.022,0.999,-0.046,0.006,-0.025,0.999,-0.039,0.015,0.002,0.999,-0.012,0.019,-0.049,0.997,-0.015,0.034,-0.064,0.996,0.006,0.031,0.088,1.0,0.017,0.018,-0.008
14.05,1.0,-0.002,-0.006,-0.022,0.999,-0.046,0.006,-0.026,0.999,-0.039,0.015,0.002,0.999,-0.012,0.019,-0.05,0.997,-0.015,0.034,-0.064,0.996,0.006,0.03,0.088,1.0,0.016,0.018,-0.008
14.075,1.0,-0.002,-0.005,-0.023,0.999,-0.047,0.007,-0.028,0.999,-0.039,0.015,0.001,0.999,-0.012,0.019,-0.05,0.997,-0.016,0.035,-0.065,0.996,0.006,0.03,0.088,1.0,0.017,0.018,-0.008
14.1,1.0,-0.002,-0.006,-0.024,0.998,-0.047,0.007,-0.03,0.999,-0.04,0.016,0.0,0.998,-0.012,0.02,-0.05,0.997,-0.016,0.035,-0.067,0.996,0.006,0.03,0.088,1.0,0.017,0.018,-0.008
14.125,1.0,-0.002,-0.006,-0.026,0.998,-0.047,0.007,-0.032,0.999,-0.04,0.016,-0.0,0.998,-0.012,0.02,-0.05,0.997,-0.016,0.034,-0.069,0.996,0.005,0.031,0.087,1.0,0.017,0.019,-0.008
14.15,1.0,-0.002,-0.007,-0.028,0.998,-0.048,0.007,-0.034,0.999,-0.04,0.017,-0.001,0.998,-0.012,0.02,-0.05,0.997,-0.016,0.034,-0.072,0.996,0.005,0.031,0.087,1.0,0.017,0.019,-0.008
14.175,1.0,-0.002,-0.008,-0.03,0.998,-0.049,0.007,-0.036,0.999,-0.041,0.018,-0.002,0.998,-0.012,0.02,-0.05,0.997,-0.015,0.033,-0.074,0.996,0.005,0.032,0.087,1.0,0.016,0.019,-0.008
14.2,0.999,-0.002,-0.009,-0.033,0.998,-0.049,0.007,-0.039,0.999,-0.041,0.019,-0.002,0.998,-0.012,0.02,-0.05,0.996,-0.015,0.032,-0.076,0.996,0.005,0.032,0.087,1.0,0.016,0.019,-0.008
14.225,0.999,-0.002,-0.01,-0.034,0.998,-0.05,0.008,-0.04,0.999,-0.041,0.019,-0.002,0.998,-0.012,0.02,-0.05,0.996,-0.015,0.031,-0.077,0.996,0.004,0.033,0.087,1.0,0.016,0.019,-0.008
14.25,0.999,-0.002,-0.011,-0.035,0.998,-0.05,0.008,-0.042,0.999,-0.042,0.019,-0.003,0.998,-0.012,0.02,-0.05,0.996,-0.015,0.031,-0.078,0.996,0.004,0.033,0.087,1.0,0.016,0.02,-0.008
14.275,0.999,-0.003,-0.012,-0.037,0.998,-0.05,0.008,-0.042,0.999,-0.042,0.02,-0.003,0.998,-0.012,0.02,-0.05,0.996,-0.014,0.03,-0.08,0.996,0.003,0.033,0.086,1.0,0.017,0.02,-0.008
14.3,0.999,-0.003,-0.012,-0.038,0.998,-0.051,0.008,-0.043,0.999,-0.042,0.02,-0.002,0.998,-0.012,0.021,-0.05,0.996,-0.014,0.03,-0.081,0.996,0.003,0.034,0.086,1.0,0.017,0.02,-0.008
14.325,0.999,-0.003,-0.012,-0.038,0.998,-0.051,0.009,-0.042,0.999,-0.042,0.02,-0.002,0.998,-0.012,0.021,-0.05,0.996,-0.014,0.029,-0.082,0.996,0.003,0.034,0.085,1.0,0.017,0.021,-0.008
14.35,0.999,-0.003,-0.013,-0.038,0.998,-0.051,0.009,-0.042,0.999,-0.043,0.021,-0.002,0.998,-0.012,0.021,-0.05,0.996,-0.015,0.029,-0.083,0.996,0.002,0.034,0.085,1.0,0.017,0.021,-0.008
14.375,0.999,-0.002,-0.014,-0.037,0.998,-0.051,0.009,-0.041,0.999,-0.043,0.021,-0.002,0.998,-0.012,0.021,-0.05,0.996,-0.014,0.028,-0.082,0.996,0.002,0.034,0.085,1.0,0.017,0.021,-0.008
14.4,0.999,-0.003,-0.014,-0.036,0.998,-0.05,0.009,-0.04,0.999,-0.043,0.021,-0.002,0.998,-0.012,0.021,-0.051,0.996,-0.015,0.028,-0.082,0.996,0.002,0.035,0.085,1.0,0.018,0.021,-0.008
14.425,0.999,-0.003,-0.013,-0.035,0.998,-0.05,0.009,-0.038,0.999,-0.043,0.021,-0.001,0.998,-0.012,0.021,-0.05,0.996,-0.015,0.028,-0.083,0.996,0.001,0.035,0.085,1.0,0.018,0.021,-0.008
14.45,0.999,-0.002,-0.014,-0.033,0.998,-0.05,0.01,-0.035,0.999,-0.043,0.021,-0.0,0.998,-0.012,0.021,-0.05,0.996,-0.015,0.028,-0.083,0.996,0.001,0.035,0.084,1.0,0.018,0.021,-0.008
14.475,0.999,-0.002,-0.014,-0.031,0.998,-0.049,0.011,-0.031,0.999,-0.044,0.021,0.0,0.998,-0.012,0.021,-0.051,0.996,-0.015,0.027,-0.082,0.996,0.0,0.036,0.084,1.0,0.018,0.021,-0.008
14.5,1.0,-0.002,-0.013,-0.028,0.998,-0.049,0.011,-0.029,0.999,-0.044,0.021,0.001,0.998,-0.012,0.021,-0.051,0.996,-0.015,0.027,-0.081,0.996,-0.0,0.036,0.085,1.0,0.018,0.022,-0.008
14.525,1.0,-0.002,-0.014,-0.027,0.998,-0.049,0.011,-0.027,0.999,-0.044,0.02,0.002,0.998,-0.013,0.021,-0.051,0.996,-0.015,0.026,-0.08,0.996,-0.0,0.037,0.085,1.0,0.018,0.022,-0.008
14.55,1.0,-0.002,-0.014,-0.025,0.998,-0.049,0.011,-0.026,0.999,-0.044,0.02,0.002,0.998,-0.013,0.021,-0.051,0.996,-0.015,0.026,-0.079,0.996,-0.001,0.037,0.085,1.0,0.018,0.022,-0.008
14.575,1.0,-0.002,-0.014,-0.024,0.998,-0.049,0.011,-0.025,0.999,-0.045,0.02,0.002,0.998,-0.013,0.021,-0.051,0.996,-0.015,0.026,-0.08,0.996,-0.001,0.038,0.084,1.0,0.018,0.022,-0.008
14.6,1.0,-0.002,-0.013,-0.023,0.998,-0.049,0.011,-0.025,0.999,-0.045,0.02,0.003,0.998,-0.013,0.021,-0.051,0.996,-0.015,0.026,-0.08,0.996,-0.002,0.038,0.084,1.0,0.018,0.022,-0.008
14.625,1.0,-0.002,-0.013,-0.023,0.998,-0.05,0.011,-0.024,0.999,-0.046,0.02,0.002,0.998,-0.013,0.021,-0.051,0.996,-0.016,0.026,-0.081,0.996,-0.002,0.038,0.084,1.0,0.018,0.022,-0.008
14.65,1.0,-0.002,-0.013,-0.023,0.998,-0.05,0.011,-0.025,0.999,-0.046,0.02,0.002,0.998,-0.014,0.021,-0.051,0.996,-0.016,0.026,-0.081,0.996,-0.003,0.038,0.084,1.0,0.019,0.022,-0.008
14.675,1.0,-0.003,-0.013,-0.023,0.998,-0.05,0.011,-0.025,0.999,-0.047,0.02,0.002,0.998,-0.014,0.021,-0.051,0.996,-0.017,0.026,-0.081,0.996,-0.003,0.038,0.083,1.0,0.019,0.022,-0.008
14.7,1.0,-0.003,-0.013,-0.023,0.998,-0.051,0.012,-0.026,0.999,-0.047,0.021,0.001,0.998,-0.014,0.021,-0.051,0.996,-0.017,0.026,-0.082,0.996,-0.004,0.038,0.083,1.0,0.019,0.022,-0.008
14.725,1.0,-0.003,-0.013,-0.024,0.998,-0.051,0.011,-0.027,0.999,-0.048,0.021,0.0,0.998,-0.014,0.021,-0.051,0.996,-0.018,0.026,-0.083,0.996,-0.004,0.038,0.083,1.0,0.019,0.022,-0.008
14.75,1.0,-0.003,-0.013,-0.024,0.998,-0.052,0.011,-0.027,0.999,-0.048,0.021,-0.001,0.998,-0.014,0.021,-0.052,0.996,-0.018,0.025,-0.084,0.996,-0.005,0.039,0.082,1.0,0.019,0.022,-0.008
14.775,1.0,-0.003,-0.013,-0.025,0.998,-0.053,0.011,-0.028,0.999,-0.049,0.022,-0.002,0.998,-0.013,0.021,-0.052,0.996,-0.019,0.025,-0.085,0.996,-0.005,0.039,0.082,1.0,0.019,0.022,-0.007
14.8,1.0,-0.003,-0.013,-0.025,0.998,-0.053,0.011,-0.03,0.998,-0.05,0.022,-0.003,0.998,-0.013,0.02,-0.052,0.996,-0.02,0.024,-0.086,0.996,-0.006,0.039,0.081,1.0,0.02,0.022,-0.007
14.825,1.0,-0.004,-0.013,-0.026,0.998,-0.054,0.011,-0.031,0.998,-0.051,0.023,-0.004,0.998,-0.013,0.02,-0.052,0.996,-0.02,0.024,-0.087,0.996,-0.006,0.039,0.081,1.0,0.02,0.022,-0.007
14.85,1.0,-0.004,-0.013,-0.027,0.998,-0.055,0.011,-0.032,0.998,-0.052,0.023,-0.004,0.998,-0.013,0.02,-0.052,0.996,-0.021,0.023,-0.087,0.996,-0.007,0.039,0.081,1.0,0.021,0.022,-0.007
14.875,1.0,-0.004,-0.013,-0.027,0.998,-0.056,0.011,-0.033,0.998,-0.052,0.023,-0.005,0.998,-0.013,0.02,-0.052,0.996,-0.022,0.022,-0.087,0.996,-0.008,0.039,0.08,0.999,0.021,0.023,-0.007
14.9,1.0,-0.005,-0.013,-0.028,0.998,-0.056,0.011,-0.034,0.998,-0.053,0.024,-0.006,0.998,-0.013,0.02,-0.052,0.996,-0.023,0.022,-0.088,0.996,-0.009,0.039,0.079,0.999,0.021,0.023,-0.007
14.925,1.0,-0.005,-0.012,-0.029,0.998,-0.057,0.012,-0.034,0.998,-0.054,0.024,-0.007,0.998,-0.013,0.02,-0.053,0.996,-0.023,0.022,-0.089,0.996,-0.01,0.039,0.079,0.999,0.022,0.023,-0.007
14.95,0.999,-0.006,-0.012,-0.029,0.998,-0.058,0.012,-0.035,0.998,-0.055,0.024,-0.008,0.998,-0.013,0.02,-0.053,0.995,-0.024,0.021,-0.089,0.996,-0.011,0.04,0.078,0.999,0.022,0.024,-0.007
14.975,0.999,-0.006,-0.013,-0.029,0.998,-0.058,0.012,-0.035,0.998,-0.057,0.025,-0.009,0.998,-0.012,0.02,-0.053,0.995,-0.025,0.02,-0.089,0.996,-0.011,0.04,0.077,0.999,0.023,0.024,-0.007
15.0,0.999,-0.006,-0.012,-0.029,0.998,-0.059,0.012,-0.036,0.998,-0.058,0.025,-0.01,0.998,-0.012,0.02,-0.053,0.996,-0.026,0.02,-0.089,0.996,-0.012,0.04,0.076,0.999,0.023,0.024,-0.007
15.025,0.999,-0.007,-0.013,-0.03,0.997,-0.06,0.013,-0.037,0.998,-0.059,0.026,-0.012,0.998,-0.012,0.02,-0.053,0.996,-0.026,0.019,-0.089,0.996,-0.013,0.04,0.076,0.999,0.024,0.025,-0.007
15.05,0.999,-0.008,-0.013,-0.03,0.997,-0.06,0.013,-0.039,0.998,-0.061,0.026,-0.014,0.998,-0.012,0.02,-0.053,0.995,-0.027,0.018,-0.089,0.996,-0.014,0.04,0.075,0.999,0.024,0.025,-0.007
15.075,0.999,-0.009,-0.014,-0.03,0.997,-0.061,0.014,-0.042,0.998,-0.062,0.026,-0.017,0.998,-0.012,0.02,-0.054,0.995,-0.028,0.016,-0.089,0.996,-0.016,0.04,0.076,0.999,0.024,0.026,-0.007
15.1,0.999,-0.009,-0.013,-0.032,0.997,-0.061,0.015,-0.046,0.997,-0.064,0.025,-0.019,0.998,-0.012,0.019,-0.054,0.995,-0.028,0.015,-0.089,0.996,-0.017,0.04,0.077,0.999,0.025,0.026,-0.007
15.125,0.999,-0.01,-0.013,-0.033,0.997,-0.062,0.016,-0.049,0.997,-0.065,0.025,-0.02,0.998,-0.013,0.019,-0.054,0.995,-0.028,0.013,-0.09,0.996,-0.018,0.041,0.077,0.999,0.025,0.026,-0.007
15.15,0.999,-0.01,-0.012,-0.034,0.997,-0.062,0.017,-0.05,0.997,-0.067,0.024,-0.021,0.998,-0.013,0.019,-0.054,0.995,-0.028,0.01,-0.092,0.996,-0.02,0.043,0.077,0.999,0.026,0.027,-0.007
15.175,0.999,-0.01,-0.011,-0.036,0.997,-0.062,0.018,-0.05,0.997,-0.068,0.024,-0.023,0.998,-0.013,0.018,-0.054,0.995,-0.027,0.007,-0.094,0.996,-0.022,0.044,0.08,0.999,0.027,0.028,-0.008
15.2,0.999,-0.01,-0.01,-0.037,0.997,-0.062,0.018,-0.052,0.997,-0.07,0.024,-0.025,0.998,-0.013,0.018,-0.054,0.995,-0.025,0.003,-0.096,0.995,-0.024,0.047,0.081,0.999,0.028,0.03,-0.008
15.225,0.999,-0.009,-0.009,-0.038,0.996,-0.063,0.019,-0.054,0.997,-0.072,0.023,-0.027,0.998,-0.013,0.018,-0.055,0.995,-0.023,-0.002,-0.097,0.995,-0.026,0.051,0.082,0.999,0.03,0.034,-0.008
15.25,0.999,-0.008,-0.008,-0.04,0.996,-0.063,0.02,-0.056,0.997,-0.073,0.023,-0.03,0.998,-0.013,0.017,-0.055,0.995,-0.019,-0.007,-0.097,0.995,-0.027,0.057,0.083,0.999,0.031,0.041,-0.007
15.275,0.999,-0.007,-0.008,-0.041,0.996,-0.064,0.02,-0.059,0.997,-0.074,0.022,-0.031,0.998,-0.014,0.017,-0.056,0.995,-0.016,-0.013,-0.098,0.994,-0.029,0.064,0.082,0.998,0.034,0.048,-0.008
15.3,0.999,-0.006,-0.007,-0.042,0.996,-0.064,0.021,-0.06,0.996,-0.075,0.022,-0.031,0.998,-0.015,0.017,-0.056,0.995,-0.011,-0.02,-0.098,0.994,-0.031,0.072,0.082,0.998,0.037,0.057,-0.008
15.325,0.999,-0.004,-0.005,-0.042,0.996,-0.064,0.022,-0.06,0.996,-0.076,0.022,-0.032,0.998,-0.015,0.016,-0.056,0.995,-0.005,-0.027,-0.097,0.993,-0.033,0.08,0.086,0.997,0.039,0.067,-0.006
15.35,0.999,-0.002,-0.004,-0.042,0.996,-0.063,0.023,-0.059,0.996,-0.077,0.021,-0.034,0.998,-0.016,0.016,-0.057,0.995,0.001,-0.033,-0.094,0.991,-0.035,0.088,0.092,0.996,0.039,0.076,-0.001
15.375,0.999,-0.001,-0.004,-0.039,0.996,-0.063,0.023,-0.057,0.996,-0.078,0.022,-0.034,0.998,-0.018,0.016,-0.057,0.995,0.008,-0.039,-0.088,0.99,-0.036,0.094,0.098,0.996,0.041,0.079,0.006
15.4,0.999,0.0,-0.005,-0.034,0.996,-0.063,0.022,-0.053,0.996,-0.078,0.023,-0.031,0.998,-0.018,0.017,-0.057,0.996,0.013,-0.044,-0.082,0.989,-0.036,0.096,0.107,0.996,0.041,0.078,0.014
15.425,1.0,0.001,-0.005,-0.027,0.997,-0.063,0.023,-0.046,0.996,-0.077,0.024,-0.029,0.998,-0.018,0.017,-0.057,0.996,0.017,-0.049,-0.071,0.988,-0.037,0.096,0.118,0.996,0.041,0.076,0.024
15.45,1.0,0.001,-0.006,-0.02,0.997,-0.063,0.023,-0.038,0.996,-0.077,0.025,-0.028,0.998,-0.017,0.017,-0.056,0.997,0.022,-0.051,-0.059,0.986,-0.038,0.093,0.133,0.996,0.04,0.071,0.038
15.475,1.0,0.0,-0.006,-0.012,0.997,-0.063,0.022,-0.032,0.996,-0.077,0.027,-0.028,0.998,-0.017,0.017,-0.056,0.997,0.027,-0.053,-0.047,0.985,-0.038,0.087,0.148,0.995,0.042,0.069,0.054
15.5,1.0,-0.001,-0.006,-0.003,0.997,-0.063,0.021,-0.028,0.996,-0.077,0.028,-0.026,0.998,-0.017,0.018,-0.055,0.997,0.03,-0.055,-0.036,0.983,-0.037,0.079,0.164,0.994,0.046,0.067,0.074
15.525,1.0,-0.002,-0.007,0.006,0.998,-0.063,0.021,-0.023,0.996,-0.076,0.029,-0.023,0.998,-0.018,0.019,-0.055,0.998,0.033,-0.057,-0.025,0.981,-0.037,0.07,0.18,0.992,0.054,0.066,0.094
15.55,1.0,-0.002,-0.007,0.015,0.998,-0.063,0.02,-0.016,0.996,-0.076,0.031,-0.018,0.998,-0.018,0.02,-0.054,0.998,0.036,-0.058,-0.014,0.978,-0.036,0.06,0.197,0.989,0.062,0.064,0.116
15.575,1.0,-0.001,-0.007,0.025,0.998,-0.062,0.021,-0.007,0.997,-0.076,0.032,-0.015,0.998,-0.019,0.021,-0.053,0.997,0.04,-0.058,-0.003,0.974,-0.034,0.051,0.216,0.986,0.067,0.062,0.139
15.6,0.999,-0.001,-0.007,0.034,0.998,-0.061,0.022,0.002,0.996,-0.076,0.034,-0.012,0.998,-0.019,0.022,-0.053,0.997,0.045,-0.059,0.008,0.97,-0.033,0.044,0.235,0.982,0.072,0.062,0.163
15.625,0.999,-0.001,-0.007,0.044,0.998,-0.061,0.02,0.006,0.996,-0.075,0.036,-0.009,0.998,-0.021,0.023,-0.053,0.997,0.049,-0.061,0.019,0.966,-0.032,0.038,0.253,0.978,0.078,0.063,0.185
15.65,0.998,-0.001,-0.008,0.055,0.998,-0.061,0.019,0.012,0.996,-0.075,0.039,-0.004,0.998,-0.023,0.025,-0.052,0.996,0.053,-0.062,0.032,0.962,-0.031,0.033,0.269,0.973,0.083,0.064,0.206
15.675,0.998,0.0,-0.007,0.066,0.998,-0.06,0.018,0.021,0.996,-0.075,0.043,-0.0,0.998,-0.026,0.026,-0.052,0.995,0.057,-0.064,0.048,0.957,-0.03,0.028,0.288,0.968,0.086,0.064,0.227
15.7,0.997,0.001,-0.007,0.079,0.998,-0.058,0.016,0.033,0.996,-0.074,0.047,0.004,0.998,-0.031,0.028,-0.052,0.994,0.06,-0.064,0.065,0.952,-0.029,0.022,0.305,0.963,0.088,0.063,0.246
15.725,0.996,0.001,-0.008,0.091,0.997,-0.056,0.015,0.045,0.996,-0.074,0.052,0.008,0.998,-0.033,0.03,-0.051,0.993,0.063,-0.065,0.079,0.946,-0.028,0.014,0.323,0.958,0.09,0.062,0.266
15.75,0.994,0.001,-0.008,0.105,0.997,-0.055,0.013,0.058,0.996,-0.074,0.057,0.011,0.998,-0.035,0.032,-0.051,0.992,0.064,-0.065,0.091,0.939,-0.027,0.005,0.342,0.95,0.094,0.062,0.291
15.775,0.993,0.001,-0.009,0.119,0.996,-0.053,0.011,0.072,0.995,-0.074,0.061,0.016,0.997,-0.038,0.035,-0.051,0.991,0.065,-0.063,0.103,0.932,-0.025,-0.005,0.362,0.94,0.101,0.064,0.32
15.8,0.991,0.002,-0.01,0.134,0.995,-0.052,0.01,0.083,0.995,-0.074,0.066,0.02,0.997,-0.041,0.038,-0.05,0.989,0.065,-0.062,0.115,0.923,-0.022,-0.015,0.384,0.929,0.106,0.064,0.349
15.825,0.989,0.002,-0.01,0.149,0.994,-0.051,0.007,0.093,0.995,-0.073,0.071,0.023,0.997,-0.045,0.041,-0.05,0.988,0.066,-0.061,0.129,0.913,-0.019,-0.024,0.406,0.918,0.108,0.064,0.377
15.85,0.986,0.002,-0.011,0.165,0.994,-0.051,0.003,0.101,0.994,-0.073,0.077,0.027,0.997,-0.05,0.044,-0.049,0.985,0.067,-0.061,0.146,0.903,-0.017,-0.031,0.428,0.904,0.109,0.069,0.408
15.875,0.983,0.002,-0.011,0.181,0.993,-0.05,-0.003,0.109,0.993,-0.073,0.083,0.032,0.996,-0.056,0.049,-0.049,0.982,0.069,-0.061,0.163,0.892,-0.015,-0.036,0.451,0.887,0.111,0.077,0.441
15.9,0.98,0.003,-0.013,0.198,0.992,-0.048,-0.008,0.119,0.992,-0.073,0.09,0.039,0.995,-0.065,0.055,-0.049,0.979,0.07,-0.061,0.181,0.879,-0.013,-0.039,0.475,0.868,0.115,0.083,0.476
15.925,0.976,0.005,-0.014,0.218,0.99,-0.045,-0.014,0.132,0.991,-0.073,0.097,0.048,0.994,-0.074,0.064,-0.048,0.975,0.07,-0.06,0.201,0.863,-0.012,-0.041,0.503,0.846,0.115,0.092,0.513
15.95,0.97,0.007,-0.016,0.241,0.988,-0.041,-0.021,0.148,0.99,-0.073,0.105,0.057,0.993,-0.085,0.073,-0.047,0.969,0.07,-0.058,0.229,0.845,-0.012,-0.04,0.534,0.823,0.111,0.099,0.548
15.975,0.964,0.009,-0.017,0.266,0.985,-0.036,-0.028,0.166,0.988,-0.074,0.114,0.069,0.991,-0.095,0.085,-0.047,0.961,0.068,-0.057,0.261,0.826,-0.013,-0.038,0.562,0.801,0.101,0.108,0.581
16.0,0.956,0.012,-0.019,0.292,0.981,-0.029,-0.036,0.189,0.986,-0.075,0.122,0.083,0.989,-0.107,0.097,-0.045,0.953,0.066,-0.055,0.291,0.808,-0.014,-0.036,0.588,0.778,0.086,0.123,0.61
16.025,0.947,0.015,-0.021,0.32,0.976,-0.021,-0.041,0.215,0.984,-0.074,0.128,0.099,0.986,-0.119,0.107,-0.043,0.943,0.062,-0.052,0.322,0.79,-0.015,-0.03,0.613,0.756,0.06,0.13,0.638
16.05,0.938,0.02,-0.021,0.346,0.969,-0.013,-0.043,0.243,0.982,-0.074,0.133,0.115,0.984,-0.129,0.114,-0.042,0.933,0.058,-0.047,0.352,0.767,-0.017,-0.02,0.641,0.738,0.043,0.12,0.663
16.075,0.928,0.025,-0.019,0.372,0.962,-0.006,-0.043,0.268,0.98,-0.073,0.136,0.129,0.983,-0.136,0.119,-0.04,0.923,0.053,-0.041,0.379,0.757,-0.016,-0.014,0.653,0.739,0.048,0.109,0.663
16.1,0.919,0.028,-0.016,0.393,0.955,0.001,-0.043,0.293,0.977,-0.071,0.138,0.144,0.982,-0.141,0.124,-0.037,0.916,0.047,-0.033,0.398,0.75,-0.014,-0.008,0.661,0.742,0.049,0.096,0.662
16.125,0.91,0.028,-0.012,0.414,0.947,0.007,-0.044,0.318,0.974,-0.069,0.141,0.162,0.98,-0.145,0.129,-0.033,0.91,0.041,-0.024,0.412,0.743,-0.01,-0.002,0.669,0.745,0.045,0.084,0.66
16.15,0.9,0.027,-0.007,0.436,0.938,0.015,-0.046,0.343,0.971,-0.067,0.144,0.18,0.979,-0.148,0.136,-0.028,0.906,0.035,-0.016,0.422,0.739,-0.007,0.002,0.674,0.747,0.041,0.076,0.66
16.175,0.889,0.024,-0.002,0.458,0.928,0.024,-0.049,0.37,0.966,-0.065,0.147,0.203,0.978,-0.153,0.141,-0.016,0.9,0.031,-0.008,0.434,0.735,-0.005,0.004,0.679,0.747,0.039,0.073,0.66
16.2,0.878,0.021,0.0,0.479,0.914,0.033,-0.052,0.4,0.959,-0.064,0.15,0.232,0.976,-0.161,0.146,0.01,0.893,0.028,-0.004,0.449,0.73,-0.0,0.007,0.684,0.747,0.038,0.069,0.66
16.225,0.866,0.019,0.003,0.499,0.9,0.042,-0.056,0.43,0.95,-0.064,0.151,0.264,0.973,-0.167,0.151,0.043,0.883,0.025,-0.002,0.468,0.725,0.005,0.007,0.689,0.748,0.035,0.064,0.66
16.25,0.854,0.017,0.005,0.52,0.885,0.051,-0.059,0.459,0.94,-0.065,0.151,0.299,0.97,-0.171,0.154,0.083,0.874,0.02,0.002,0.485,0.723,0.011,0.005,0.691,0.748,0.034,0.059,0.66
16.275,0.841,0.016,0.008,0.541,0.867,0.06,-0.061,0.49,0.927,-0.066,0.149,0.338,0.964,-0.176,0.153,0.132,0.868,0.013,0.007,0.497,0.722,0.017,0.003,0.692,0.748,0.034,0.056,0.66
16.3,0.828,0.014,0.011,0.561,0.848,0.069,-0.063,0.521,0.91,-0.067,0.145,0.382,0.954,-0.178,0.147,0.19,0.86,0.008,0.01,0.51,0.72,0.024,0.001,0.693,0.749,0.033,0.053,0.66
16.325,0.815,0.011,0.016,0.579,0.827,0.077,-0.063,0.553,0.888,-0.069,0.139,0.433,0.94,-0.177,0.137,0.257,0.85,0.004,0.011,0.527,0.718,0.029,0.001,0.696,0.749,0.032,0.051,0.66
16.35,0.803,0.01,0.021,0.595,0.806,0.085,-0.06,0.582,0.858,-0.071,0.131,0.492,0.92,-0.172,0.121,0.332,0.838,0.003,0.013,0.545,0.714,0.033,0.003,0.7,0.749,0.028,0.045,0.66
16.375,0.79,0.009,0.024,0.613,0.786,0.09,-0.057,0.608,0.821,-0.072,0.124,0.553,0.89,-0.157,0.105,0.416,0.827,0.004,0.017,0.562,0.71,0.035,0.005,0.704,0.749,0.025,0.042,0.661
16.4,0.776,0.01,0.027,0.63,0.762,0.094,-0.053,0.639,0.775,-0.073,0.117,0.617,0.846,-0.132,0.094,0.507,0.814,0.007,0.02,0.58,0.706,0.036,0.008,0.707,0.749,0.024,0.042,0.661
16.425,0.76,0.012,0.028,0.649,0.735,0.097,-0.048,0.669,0.723,-0.076,0.112,0.677,0.796,-0.102,0.09,0.589,0.803,0.01,0.022,0.596,0.704,0.035,0.01,0.709,0.749,0.023,0.043,0.661
16.45,0.744,0.012,0.029,0.667,0.71,0.1,-0.042,0.696,0.669,-0.081,0.108,0.731,0.743,-0.082,0.091,0.658,0.793,0.011,0.025,0.609,0.702,0.035,0.012,0.711,0.749,0.022,0.044,0.661
16.475,0.728,0.011,0.031,0.685,0.684,0.104,-0.034,0.721,0.616,-0.087,0.105,0.776,0.692,-0.076,0.093,0.712,0.784,0.011,0.028,0.62,0.7,0.035,0.014,0.713,0.748,0.022,0.045,0.661
16.5,0.712,0.01,0.032,0.701,0.657,0.107,-0.025,0.746,0.567,-0.094,0.102,0.812,0.645,-0.077,0.094,0.755,0.776,0.011,0.03,0.63,0.697,0.036,0.017,0.716,0.748,0.022,0.046,0.662
16.525,0.695,0.01,0.032,0.718,0.628,0.109,-0.016,0.771,0.521,-0.101,0.099,0.842,0.6,-0.079,0.091,0.791,0.766,0.011,0.032,0.642,0.693,0.036,0.018,0.72,0.748,0.022,0.046,0.662
16.55,0.679,0.01,0.033,0.733,0.599,0.11,-0.009,0.793,0.478,-0.107,0.097,0.866,0.558,-0.077,0.087,0.822,0.756,0.014,0.034,0.654,0.69,0.034,0.021,0.722,0.747,0.022,0.046,0.663
16.575,0.664,0.008,0.035,0.747,0.573,0.11,-0.003,0.812,0.435,-0.11,0.096,0.889,0.515,-0.074,0.087,0.849,0.746,0.018,0.036,0.665,0.689,0.031,0.023,0.724,0.747,0.021,0.047,0.663
16.6,0.649,0.006,0.037,0.76,0.546,0.106,0.001,0.831,0.39,-0.11,0.093,0.91,0.47,-0.067,0.088,0.876,0.739,0.022,0.036,0.672,0.688,0.028,0.026,0.724,0.747,0.021,0.047,0.663
16.625,0.634,0.005,0.04,0.773,0.521,0.101,0.006,0.847,0.345,-0.107,0.088,0.928,0.423,-0.056,0.091,0.9,0.734,0.026,0.036,0.678,0.687,0.025,0.029,0.726,0.746,0.02,0.049,0.664
16.65,0.618,0.005,0.042,0.785,0.503,0.095,0.01,0.859,0.302,-0.102,0.081,0.944,0.378,-0.046,0.091,0.92,0.726,0.03,0.036,0.686,0.685,0.022,0.031,0.728,0.746,0.019,0.049,0.664
16.675,0.601,0.005,0.043,0.798,0.488,0.088,0.013,0.869,0.264,-0.096,0.073,0.957,0.336,-0.035,0.088,0.937,0.721,0.03,0.036,0.691,0.684,0.02,0.031,0.728,0.745,0.019,0.049,0.664
16.7,0.584,0.002,0.043,0.811,0.47,0.08,0.014,0.879,0.235,-0.09,0.065,0.966,0.303,-0.026,0.085,0.949,0.715,0.029,0.038,0.697,0.683,0.02,0.031,0.73,0.745,0.018,0.047,0.665
16.725,0.567,-0.002,0.042,0.823,0.45,0.072,0.013,0.89,0.212,-0.084,0.058,0.972,0.279,-0.024,0.081,0.957,0.705,0.027,0.039,0.707,0.681,0.02,0.03,0.731,0.745,0.018,0.046,0.665
16.75,0.552,-0.007,0.039,0.833,0.431,0.065,0.009,0.9,0.194,-0.08,0.052,0.976,0.257,-0.026,0.068,0.964,0.692,0.027,0.038,0.72,0.68,0.021,0.029,0.732,0.745,0.019,0.046,0.666
16.775,0.539,-0.01,0.037,0.842,0.415,0.057,0.004,0.908,0.179,-0.075,0.044,0.98,0.23,-0.029,0.047,0.972,0.679,0.03,0.036,0.733,0.678,0.021,0.029,0.734,0.744,0.019,0.047,0.667
16.8,0.527,-0.011,0.036,0.849,0.404,0.05,-0.001,0.914,0.16,-0.067,0.035,0.984,0.202,-0.018,0.038,0.978,0.668,0.034,0.034,0.742,0.676,0.02,0.029,0.736,0.743,0.019,0.047,0.668
16.825,0.516,-0.013,0.034,0.856,0.393,0.042,-0.003,0.919,0.147,-0.057,0.027,0.987,0.182,-0.004,0.04,0.982,0.662,0.036,0.034,0.748,0.674,0.02,0.029,0.738,0.743,0.018,0.045,0.668
16.85,0.507,-0.015,0.032,0.861,0.383,0.036,-0.006,0.923,0.137,-0.049,0.021,0.989,0.171,0.01,0.04,0.984,0.656,0.038,0.035,0.753,0.671,0.02,0.028,0.741,0.743,0.016,0.04,0.668
16.875,0.498,-0.014,0.027,0.867,0.376,0.033,-0.006,0.926,0.143,-0.043,0.019,0.989,0.171,0.023,0.03,0.985,0.647,0.039,0.036,0.76,0.67,0.021,0.026,0.742,0.743,0.015,0.038,0.668
16.9,0.488,-0.012,0.021,0.872,0.373,0.032,-0.004,0.927,0.158,-0.038,0.011,0.987,0.171,0.028,0.028,0.984,0.637,0.041,0.035,0.769,0.67,0.021,0.025,0.741,0.743,0.015,0.038,0.668
16.925,0.479,-0.011,0.019,0.877,0.367,0.029,-0.004,0.93,0.17,-0.033,0.003,0.985,0.172,0.029,0.027,0.984,0.629,0.044,0.031,0.776,0.671,0.02,0.024,0.741,0.742,0.016,0.041,0.669
16.95,0.469,-0.01,0.023,0.883,0.356,0.024,-0.004,0.934,0.169,-0.027,-0.002,0.985,0.171,0.03,0.026,0.984,0.625,0.049,0.028,0.779,0.672,0.018,0.023,0.74,0.741,0.016,0.043,0.67
16.975,0.456,-0.014,0.031,0.89,0.34,0.02,-0.005,0.94,0.163,-0.021,-0.007,0.986,0.171,0.031,0.028,0.984,0.624,0.054,0.026,0.779,0.672,0.015,0.023,0.74,0.74,0.016,0.045,0.671
17.0,0.445,-0.018,0.035,0.894,0.325,0.017,-0.006,0.946,0.167,-0.017,-0.013,0.986,0.17,0.032,0.029,0.984,0.626,0.059,0.024,0.777,0.671,0.013,0.023,0.741,0.74,0.012,0.046,0.671
17.025,0.437,-0.015,0.034,0.899,0.316,0.015,-0.007,0.949,0.175,-0.013,-0.019,0.984,0.17,0.033,0.028,0.984,0.623,0.066,0.022,0.779,0.669,0.009,0.024,0.743,0.74,0.005,0.05,0.67
17.05,0.428,-0.01,0.031,0.903,0.319,0.011,-0.009,0.948,0.179,-0.008,-0.024,0.984,0.17,0.033,0.028,0.985,0.615,0.075,0.018,0.785,0.667,0.003,0.024,0.744,0.74,-0.005,0.053,0.671
17.075,0.417,-0.006,0.027,0.909,0.321,0.008,-0.01,0.947,0.179,-0.003,-0.029,0.983,0.169,0.033,0.027,0.985,0.605,0.086,0.013,0.792,0.665,-0.006,0.025,0.746,0.738,-0.017,0.058,0.672
17.1,0.404,-0.003,0.026,0.914,0.316,0.006,-0.011,0.949,0.18,0.001,-0.034,0.983,0.169,0.034,0.027,0.985,0.593,0.099,0.008,0.799,0.662,-0.016,0.025,0.749,0.737,-0.03,0.063,0.672
17.125,0.389,-0.0,0.027,0.921,0.306,0.005,-0.011,0.952,0.179,0.004,-0.038,0.983,0.169,0.034,0.026,0.985,0.579,0.113,0.004,0.807,0.655,-0.027,0.024,0.755,0.733,-0.046,0.062,0.676
17.15,0.374,0.002,0.028,0.927,0.296,0.005,-0.011,0.955,0.177,0.006,-0.042,0.983,0.168,0.034,0.025,0.985,0.564,0.127,0.002,0.816,0.642,-0.037,0.021,0.766,0.723,-0.064,0.049,0.686
17.175,0.359,0.006,0.026,0.933,0.286,0.007,-0.012,0.958,0.176,0.007,-0.044,0.983,0.168,0.035,0.024,0.985,0.546,0.137,0.002,0.827,0.624,-0.045,0.018,0.78,0.706,-0.072,0.029,0.704
17.2,0.343,0.012,0.022,0.939,0.273,0.009,-0.013,0.962,0.174,0.007,-0.046,0.984,0.167,0.035,0.024,0.985,0.528,0.144,0.005,0.837,0.598,-0.048,0.016,0.8,0.684,-0.067,0.009,0.726
17.225,0.329,0.017,0.016,0.944,0.259,0.011,-0.014,0.966,0.173,0.007,-0.047,0.984,0.167,0.036,0.023,0.985,0.508,0.147,0.01,0.849,0.562,-0.047,0.014,0.826,0.654,-0.057,-0.002,0.754
17.25,0.314,0.02,0.011,0.949,0.249,0.013,-0.015,0.968,0.173,0.006,-0.048,0.984,0.167,0.036,0.022,0.985,0.484,0.147,0.017,0.862,0.518,-0.04,0.011,0.855,0.614,-0.04,-0.001,0.789
17.275,0.3,0.023,0.006,0.954,0.24,0.014,-0.016,0.971,0.171,0.006,-0.048,0.984,0.166,0.036,0.021,0.985,0.459,0.146,0.024,0.876,0.467,-0.028,0.006,0.884,0.562,-0.018,0.014,0.827
17.3,0.285,0.026,0.001,0.958,0.232,0.017,-0.017,0.972,0.167,0.005,-0.048,0.985,0.166,0.037,0.02,0.985,0.429,0.143,0.03,0.891,0.412,-0.012,-0.002,0.911,0.5,0.002,0.035,0.865
17.325,0.271,0.03,-0.004,0.962,0.224,0.019,-0.018,0.974,0.161,0.005,-0.048,0.986,0.165,0.036,0.019,0.985,0.397,0.138,0.035,0.907,0.356,0.008,-0.01,0.934,0.435,0.021,0.056,0.898
17.35,0.257,0.034,-0.008,0.966,0.217,0.02,-0.019,0.976,0.157,0.005,-0.048,0.986,0.164,0.036,0.019,0.986,0.365,0.132,0.039,0.921,0.297,0.029,-0.018,0.954,0.368,0.035,0.068,0.927
17.375,0.242,0.036,-0.011,0.97,0.207,0.021,-0.019,0.978,0.154,0.005,-0.049,0.987,0.164,0.035,0.019,0.986,0.335,0.127,0.041,0.933,0.235,0.05,-0.024,0.97,0.301,0.042,0.074,0.95
17.4,0.226,0.037,-0.013,0.973,0.195,0.021,-0.019,0.98,0.151,0.006,-0.049,0.987,0.163,0.035,0.018,0.986,0.308,0.121,0.043,0.943,0.182,0.068,-0.031,0.98,0.239,0.05,0.085,0.966
17.425,0.211,0.036,-0.013,0.977,0.183,0.021,-0.018,0.983,0.145,0.007,-0.049,0.988,0.163,0.034,0.018,0.986,0.281,0.115,0.043,0.952,0.127,0.083,-0.037,0.988,0.181,0.054,0.084,0.978
17.45,0.195,0.036,-0.013,0.98,0.171,0.021,-0.017,0.985,0.137,0.007,-0.048,0.989,0.162,0.033,0.016,0.986,0.261,0.109,0.046,0.958,0.076,0.094,-0.042,0.992,0.127,0.055,0.081,0.987
17.475,0.181,0.035,-0.012,0.983,0.16,0.022,-0.017,0.987,0.129,0.006,-0.048,0.99,0.161,0.031,0.013,0.986,0.247,0.104,0.048,0.962,0.035,0.099,-0.044,0.993,0.079,0.054,0.077,0.992
17.5,0.165,0.034,-0.011,0.986,0.144,0.022,-0.016,0.989,0.124,0.005,-0.047,0.991,0.161,0.031,0.011,0.986,0.23,0.103,0.047,0.967,0.006,0.101,-0.044,0.994,0.047,0.05,0.078,0.995
17.525,0.15,0.034,-0.009,0.988,0.128,0.022,-0.015,0.991,0.121,0.004,-0.046,0.992,0.161,0.03,0.011,0.987,0.215,0.103,0.045,0.97,-0.007,0.101,-0.042,0.994,0.029,0.041,0.082,0.995
17.55,0.138,0.035,-0.008,0.99,0.116,0.023,-0.015,0.993,0.115,0.002,-0.044,0.992,0.16,0.03,0.009,0.987,0.201,0.102,0.044,0.973,-0.013,0.098,-0.041,0.994,0.021,0.029,0.079,0.996
17.575,0.127,0.036,-0.006,0.991,0.107,0.023,-0.013,0.994,0.109,0.0,-0.043,0.993,0.16,0.029,0.007,0.987,0.191,0.099,0.044,0.976,-0.017,0.094,-0.04,0.995,0.019,0.019,0.069,0.997
17.6,0.118,0.037,-0.004,0.992,0.102,0.023,-0.013,0.994,0.106,-0.002,-0.041,0.994,0.16,0.028,0.006,0.987,0.185,0.093,0.044,0.977,-0.021,0.089,-0.039,0.995,0.024,0.016,0.059,0.998
17.625,0.111,0.037,-0.0,0.993,0.104,0.023,-0.012,0.994,0.105,-0.005,-0.04,0.994,0.16,0.028,0.006,0.987,0.181,0.087,0.042,0.979,-0.021,0.084,-0.036,0.996,0.031,0.008,0.052,0.998
17.65,0.105,0.038,0.002,0.994,0.106,0.021,-0.012,0.994,0.103,-0.007,-0.039,0.994,0.16,0.027,0.005,0.987,0.18,0.079,0.04,0.98,-0.028,0.083,-0.035,0.996,0.031,0.013,0.038,0.999
17.675,0.104,0.04,0.003,0.994,0.109,0.019,-0.011,0.994,0.102,-0.01,-0.036,0.994,0.16,0.026,0.004,0.987,0.184,0.07,0.038,0.98,-0.031,0.08,-0.032,0.996,0.033,0.015,0.028,0.999
17.7,0.104,0.041,0.0,0.994,0.113,0.018,-0.012,0.993,0.1,-0.014,-0.032,0.994,0.161,0.024,0.004,0.987,0.181,0.066,0.039,0.981,-0.033,0.076,-0.028,0.996,0.034,0.014,0.024,0.999
17.725,0.104,0.041,-0.002,0.994,0.113,0.019,-0.012,0.993,0.097,-0.02,-0.028,0.995,0.162,0.022,0.003,0.987,0.175,0.066,0.038,0.982,-0.036,0.071,-0.024,0.997,0.034,0.012,0.024,0.999
17.75,0.104,0.041,-0.001,0.994,0.108,0.022,-0.011,0.994,0.092,-0.028,-0.024,0.995,0.162,0.018,0.002,0.987,0.168,0.065,0.038,0.983,-0.04,0.066,-0.021,0.997,0.034,0.011,0.024,0.999
17.775,0.101,0.042,0.0,0.994,0.098,0.028,-0.007,0.995,0.088,-0.038,-0.021,0.995,0.162,0.014,-0.001,0.987,0.165,0.063,0.04,0.984,-0.042,0.062,-0.018,0.997,0.034,0.011,0.022,0.999
17.8,0.095,0.043,0.002,0.995,0.086,0.036,-0.003,0.996,0.084,-0.049,-0.018,0.995,0.163,0.01,-0.006,0.987,0.166,0.058,0.042,0.984,-0.045,0.057,-0.016,0.997,0.034,0.011,0.019,0.999
17.825,0.088,0.042,0.002,0.995,0.077,0.045,0.001,0.996,0.079,-0.061,-0.016,0.995,0.163,0.004,-0.013,0.987,0.166,0.053,0.044,0.984,-0.049,0.054,-0.013,0.997,0.035,0.011,0.015,0.999
17.85,0.081,0.041,0.002,0.996,0.068,0.056,0.005,0.996,0.072,-0.073,-0.013,0.995,0.163,-0.005,-0.021,0.986,0.16,0.05,0.044,0.985,-0.051,0.052,-0.01,0.997,0.035,0.012,0.014,0.999
17.875,0.074,0.039,0.001,0.997,0.056,0.067,0.008,0.996,0.063,-0.086,-0.011,0.994,0.162,-0.019,-0.028,0.986,0.152,0.047,0.042,0.986,-0.052,0.05,-0.007,0.997,0.036,0.012,0.015,0.999
17.9,0.066,0.036,0.001,0.997,0.041,0.079,0.011,0.996,0.056,-0.098,-0.008,0.994,0.161,-0.041,-0.034,0.986,0.147,0.045,0.041,0.987,-0.052,0.048,-0.004,0.997,0.036,0.013,0.016,0.999
17.925,0.058,0.033,0.003,0.998,0.025,0.092,0.014,0.995,0.048,-0.111,-0.007,0.993,0.159,-0.067,-0.042,0.984,0.145,0.042,0.041,0.988,-0.052,0.046,-0.001,0.998,0.036,0.012,0.016,0.999
17.95,0.051,0.03,0.005,0.998,0.014,0.108,0.018,0.994,0.044,-0.124,-0.006,0.991,0.157,-0.092,-0.054,0.982,0.142,0.039,0.042,0.988,-0.054,0.045,0.001,0.998,0.036,0.012,0.014,0.999
17.975,0.044,0.027,0.006,0.999,0.013,0.125,0.021,0.992,0.038,-0.135,-0.005,0.99,0.152,-0.113,-0.071,0.979,0.14,0.036,0.041,0.989,-0.056,0.045,0.003,0.997,0.036,0.013,0.013,0.999
18.0,0.04,0.026,0.005,0.999,0.014,0.138,0.023,0.99,0.032,-0.142,-0.005,0.989,0.143,-0.125,-0.082,0.978,0.138,0.032,0.04,0.989,-0.056,0.045,0.005,0.997,0.036,0.013,0.013,0.999
18.025,0.038,0.027,0.004,0.999,0.012,0.146,0.024,0.989,0.023,-0.144,-0.007,0.989,0.13,-0.125,-0.081,0.98,0.136,0.03,0.039,0.989,-0.055,0.044,0.006,0.997,0.036,0.013,0.014,0.999
18.05,0.037,0.027,0.005,0.999,0.006,0.148,0.026,0.989,0.011,-0.139,-0.008,0.99,0.113,-0.116,-0.077,0.984,0.134,0.029,0.038,0.99,-0.054,0.043,0.008,0.998,0.036,0.012,0.015,0.999
18.075,0.035,0.026,0.008,0.999,-0.001,0.146,0.027,0.989,-0.001,-0.128,-0.009,0.992,0.1,-0.099,-0.069,0.988,0.13,0.029,0.038,0.99,-0.055,0.041,0.008,0.998,0.036,0.012,0.015,0.999
18.1,0.033,0.024,0.011,0.999,-0.008,0.141,0.026,0.99,-0.011,-0.112,-0.008,0.994,0.089,-0.077,-0.061,0.991,0.129,0.028,0.038,0.991,-0.055,0.039,0.009,0.998,0.036,0.011,0.015,0.999
18.125,0.031,0.022,0.013,0.999,-0.016,0.132,0.024,0.991,-0.02,-0.094,-0.006,0.995,0.077,-0.056,-0.05,0.994,0.129,0.027,0.037,0.991,-0.054,0.037,0.009,0.998,0.036,0.01,0.016,0.999
18.15,0.028,0.022,0.013,0.999,-0.018,0.122,0.021,0.992,-0.028,-0.074,-0.005,0.997,0.063,-0.038,-0.038,0.997,0.13,0.026,0.036,0.991,-0.054,0.034,0.009,0.998,0.036,0.009,0.017,0.999
18.175,0.025,0.022,0.013,0.999,-0.019,0.112,0.018,0.993,-0.037,-0.056,-0.005,0.998,0.049,-0.016,-0.036,0.998,0.13,0.024,0.034,0.991,-0.054,0.033,0.009,0.998,0.035,0.009,0.017,0.999
18.2,0.022,0.024,0.012,0.999,-0.022,0.103,0.016,0.994,-0.051,-0.04,-0.007,0.998,0.038,-0.005,-0.044,0.998,0.127,0.022,0.031,0.991,-0.055,0.032,0.009,0.998,0.035,0.009,0.017,0.999
18.225,0.019,0.024,0.011,0.999,-0.028,0.096,0.013,0.995,-0.061,-0.028,-0.011,0.998,0.03,-0.001,-0.04,0.999,0.122,0.021,0.029,0.992,-0.055,0.03,0.009,0.998,0.035,0.008,0.018,0.999
18.25,0.017,0.024,0.008,1.0,-0.041,0.09,0.009,0.995,-0.065,-0.023,-0.012,0.998,0.015,0.005,-0.019,1.0,0.115,0.021,0.027,0.993,-0.055,0.028,0.008,0.998,0.036,0.007,0.019,0.999
18.275,0.014,0.024,0.006,1.0,-0.051,0.085,0.005,0.995,-0.059,-0.021,-0.012,0.998,0.014,0.007,-0.006,1.0,0.106,0.021,0.026,0.994,-0.055,0.025,0.007,0.998,0.035,0.006,0.021,0.999
18.3,0.01,0.026,0.004,1.0,-0.053,0.082,0.004,0.995,-0.05,-0.02,-0.014,0.998,0.012,0.009,-0.002,1.0,0.094,0.023,0.026,0.995,-0.056,0.022,0.005,0.998,0.035,0.005,0.021,0.999
18.325,0.007,0.029,0.005,1.0,-0.048,0.079,0.003,0.996,-0.037,-0.02,-0.016,0.999,0.011,0.011,-0.002,1.0,0.086,0.023,0.026,0.996,-0.058,0.021,0.003,0.998,0.035,0.004,0.021,0.999
18.35,0.007,0.033,0.003,0.999,-0.038,0.077,0.002,0.996,-0.026,-0.02,-0.019,0.999,0.011,0.012,-0.002,1.0,0.084,0.021,0.025,0.996,-0.059,0.021,0.001,0.998,0.035,0.003,0.021,0.999
18.375,0.006,0.035,0.001,0.999,-0.031,0.074,-0.001,0.997,-0.024,-0.019,-0.021,0.999,0.011,0.012,0.001,1.0,0.084,0.02,0.021,0.996,-0.058,0.022,-0.0,0.998,0.035,0.002,0.022,0.999
18.4,0.005,0.035,-0.001,0.999,-0.031,0.069,-0.004,0.997,-0.026,-0.017,-0.023,0.999,0.01,0.013,0.004,1.0,0.087,0.02,0.018,0.996,-0.058,0.023,-0.002,0.998,0.035,0.001,0.023,0.999
18.425,0.005,0.033,-0.003,0.999,-0.041,0.063,-0.006,0.997,-0.024,-0.015,-0.025,0.999,0.01,0.014,0.007,1.0,0.088,0.02,0.016,0.996,-0.059,0.025,-0.005,0.998,0.035,-0.0,0.024,0.999
18.45,0.005,0.031,-0.005,0.999,-0.052,0.058,-0.005,0.997,-0.021,-0.013,-0.027,0.999,0.01,0.015,0.008,1.0,0.087,0.022,0.016,0.996,-0.061,0.026,-0.01,0.998,0.036,-0.001,0.023,0.999
18.475,0.005,0.03,-0.005,1.0,-0.057,0.053,-0.005,0.997,-0.019,-0.009,-0.029,0.999,0.01,0.016,0.009,1.0,0.088,0.024,0.018,0.996,-0.06,0.025,-0.015,0.998,0.037,-0.001,0.022,0.999
18.5,0.006,0.029,-0.006,1.0,-0.054,0.049,-0.006,0.997,-0.018,-0.006,-0.031,0.999,0.009,0.017,0.009,1.0,0.09,0.027,0.02,0.995,-0.061,0.022,-0.018,0.998,0.039,-0.002,0.022,0.999
18.525,0.007,0.029,-0.006,1.0,-0.045,0.046,-0.008,0.998,-0.018,-0.002,-0.032,0.999,0.009,0.017,0.009,1.0,0.093,0.031,0.023,0.995,-0.063,0.02,-0.019,0.998,0.04,-0.004,0.025,0.999
18.55,0.011,0.029,-0.006,1.0,-0.035,0.042,-0.009,0.998,-0.019,0.003,-0.033,0.999,0.009,0.017,0.008,1.0,0.095,0.034,0.026,0.995,-0.063,0.017,-0.02,0.998,0.04,-0.005,0.029,0.999
18.575,0.015,0.029,-0.006,0.999,-0.025,0.037,-0.01,0.999,-0.021,0.009,-0.034,0.999,0.009,0.017,0.007,1.0,0.097,0.037,0.027,0.994,-0.063,0.018,-0.019,0.998,0.034,-0.004,0.039,0.999
18.6,0.017,0.028,-0.006,0.999,-0.016,0.032,-0.012,0.999,-0.023,0.014,-0.034,0.999,0.009,0.017,0.005,1.0,0.101,0.037,0.026,0.994,-0.067,0.022,-0.018,0.997,0.02,-0.001,0.052,0.998
18.625,0.019,0.028,-0.006,0.999,-0.012,0.028,-0.013,0.999,-0.024,0.017,-0.035,0.999,0.009,0.017,0.004,1.0,0.104,0.036,0.025,0.994,-0.074,0.027,-0.016,0.997,0.009,0.004,0.057,0.998
18.65,0.021,0.03,-0.008,0.999,-0.01,0.027,-0.013,1.0,-0.026,0.019,-0.035,0.999,0.009,0.017,0.004,1.0,0.104,0.034,0.023,0.994,-0.075,0.031,-0.017,0.997,0.008,0.004,0.05,0.999
18.675,0.021,0.031,-0.008,0.999,-0.009,0.027,-0.013,1.0,-0.027,0.018,-0.035,0.999,0.009,0.017,0.003,1.0,0.1,0.033,0.024,0.994,-0.073,0.03,-0.017,0.997,0.007,0.003,0.044,0.999
18.7,0.023,0.031,-0.008,0.999,-0.008,0.028,-0.013,0.999,-0.026,0.017,-0.035,0.999,0.009,0.017,0.003,1.0,0.097,0.034,0.024,0.994,-0.071,0.029,-0.017,0.997,0.005,0.002,0.04,0.999
18.725,0.027,0.03,-0.009,0.999,-0.005,0.03,-0.014,0.999,-0.025,0.015,-0.035,0.999,0.009,0.017,0.003,1.0,0.096,0.035,0.024,0.994,-0.069,0.028,-0.016,0.997,0.005,0.001,0.038,0.999
18.75,0.03,0.031,-0.009,0.999,-0.002,0.031,-0.016,0.999,-0.025,0.013,-0.035,0.999,0.009,0.016,0.003,1.0,0.099,0.035,0.023,0.994,-0.069,0.028,-0.015,0.997,0.004,-0.0,0.037,0.999
18.775,0.033,0.033,-0.008,0.999,0.001,0.031,-0.016,0.999,-0.025,0.012,-0.034,0.999,0.009,0.016,0.004,1.0,0.105,0.034,0.023,0.994,-0.07,0.027,-0.014,0.997,0.003,-0.001,0.037,0.999
18.8,0.035,0.035,-0.007,0.999,0.003,0.032,-0.016,0.999,-0.024,0.01,-0.033,0.999,0.009,0.016,0.004,1.0,0.11,0.034,0.024,0.993,-0.07,0.026,-0.012,0.997,0.003,-0.002,0.035,0.999
18.825,0.037,0.037,-0.006,0.999,0.004,0.032,-0.016,0.999,-0.024,0.009,-0.032,0.999,0.009,0.016,0.004,1.0,0.11,0.033,0.024,0.993,-0.072,0.026,-0.011,0.997,0.003,-0.001,0.032,0.999
18.85,0.039,0.037,-0.006,0.999,0.006,0.033,-0.016,0.999,-0.023,0.008,-0.031,0.999,0.01,0.016,0.004,1.0,0.109,0.031,0.024,0.993,-0.073,0.026,-0.01,0.997,0.003,0.002,0.028,1.0
18.875,0.041,0.037,-0.005,0.998,0.006,0.032,-0.016,0.999,-0.02,0.006,-0.03,0.999,0.01,0.015,0.005,1.0,0.107,0.029,0.025,0.994,-0.076,0.026,-0.01,0.997,0.004,0.004,0.025,1.0
18.9,0.042,0.037,-0.004,0.998,0.007,0.033,-0.015,0.999,-0.017,0.005,-0.029,0.999,0.011,0.015,0.005,1.0,0.106,0.028,0.025,0.994,-0.079,0.027,-0.009,0.996,0.003,0.006,0.022,1.0
18.925,0.044,0.036,-0.001,0.998,0.009,0.035,-0.015,0.999,-0.012,0.002,-0.028,1.0,0.012,0.014,0.005,1.0,0.107,0.026,0.025,0.994,-0.083,0.027,-0.007,0.996,0.003,0.007,0.02,1.0
18.95,0.045,0.034,0.001,0.998,0.014,0.039,-0.015,0.999,-0.006,-0.002,-0.028,1.0,0.012,0.012,0.005,1.0,0.108,0.026,0.025,0.994,-0.085,0.026,-0.005,0.996,0.003,0.007,0.018,1.0
18.975,0.048,0.031,0.003,0.998,0.017,0.044,-0.014,0.999,0.001,-0.008,-0.027,1.0,0.014,0.01,0.003,1.0,0.112,0.025,0.025,0.993,-0.085,0.027,-0.004,0.996,0.004,0.007,0.017,1.0
19.0,0.049,0.027,0.005,0.998,0.016,0.05,-0.014,0.999,0.008,-0.014,-0.025,1.0,0.017,0.008,0.001,1.0,0.117,0.023,0.025,0.993,-0.086,0.028,-0.003,0.996,0.004,0.008,0.016,1.0
19.025,0.047,0.024,0.007,0.999,0.013,0.057,-0.012,0.998,0.015,-0.019,-0.022,0.999,0.023,0.005,-0.001,1.0,0.12,0.021,0.026,0.992,-0.088,0.03,-0.003,0.996,0.004,0.009,0.015,1.0
19.05,0.043,0.022,0.009,0.999,0.004,0.064,-0.011,0.998,0.022,-0.024,-0.019,0.999,0.033,0.002,-0.002,0.999,0.119,0.019,0.027,0.992,-0.089,0.032,-0.003,0.996,0.004,0.01,0.013,1.0
19.075,0.038,0.02,0.008,0.999,-0.003,0.069,-0.009,0.998,0.029,-0.027,-0.016,0.999,0.044,-0.0,-0.003,0.999,0.113,0.018,0.028,0.993,-0.089,0.033,-0.002,0.995,0.004,0.011,0.012,1.0
19.1,0.031,0.018,0.008,0.999,-0.008,0.072,-0.005,0.997,0.033,-0.027,-0.013,0.999,0.052,-0.002,-0.004,0.999,0.106,0.017,0.027,0.994,-0.089,0.034,-0.001,0.995,0.003,0.013,0.011,1.0
19.125,0.024,0.015,0.007,1.0,-0.018,0.072,-0.003,0.997,0.028,-0.024,-0.011,0.999,0.053,-0.001,-0.005,0.999,0.101,0.016,0.028,0.994,-0.089,0.034,0.0,0.995,0.003,0.014,0.01,1.0
19.15,0.018,0.013,0.007,1.0,-0.033,0.069,-0.0,0.997,0.012,-0.019,-0.009,1.0,0.05,0.001,-0.003,0.999,0.097,0.014,0.028,0.995,-0.09,0.035,0.001,0.995,0.003,0.015,0.01,1.0
19.175,0.011,0.011,0.006,1.0,-0.053,0.064,0.001,0.997,-0.003,-0.012,-0.007,1.0,0.048,0.003,0.001,0.999,0.095,0.012,0.028,0.995,-0.09,0.036,0.003,0.995,0.003,0.015,0.011,1.0
19.2,0.004,0.009,0.006,1.0,-0.074,0.058,0.003,0.996,-0.01,-0.006,-0.004,1.0,0.047,0.005,0.003,0.999,0.092,0.01,0.027,0.995,-0.09,0.037,0.004,0.995,0.002,0.015,0.011,1.0
19.225,-0.002,0.008,0.006,1.0,-0.083,0.054,0.005,0.995,-0.01,-0.001,-0.003,1.0,0.046,0.007,0.003,0.999,0.085,0.008,0.027,0.996,-0.092,0.037,0.005,0.995,0.002,0.015,0.012,1.0
19.25,-0.008,0.009,0.005,1.0,-0.082,0.052,0.007,0.995,-0.012,0.002,-0.002,1.0,0.046,0.008,0.001,0.999,0.077,0.007,0.027,0.997,-0.093,0.037,0.006,0.995,0.002,0.014,0.013,1.0
19.275,-0.011,0.01,0.004,1.0,-0.079,0.051,0.008,0.996,-0.016,0.005,-0.001,1.0,0.046,0.009,-0.001,0.999,0.07,0.006,0.027,0.997,-0.095,0.037,0.007,0.995,0.002,0.014,0.013,1.0
19.3,-0.013,0.011,0.003,1.0,-0.076,0.05,0.008,0.996,-0.019,0.007,0.0,1.0,0.046,0.01,-0.002,0.999,0.067,0.006,0.028,0.997,-0.095,0.036,0.007,0.995,0.002,0.014,0.012,1.0
19.325,-0.013,0.013,0.003,1.0,-0.077,0.048,0.007,0.996,-0.019,0.007,0.001,1.0,0.046,0.011,-0.002,0.999,0.067,0.006,0.029,0.997,-0.095,0.035,0.007,0.995,0.002,0.013,0.012,1.0
19.35,-0.012,0.013,0.004,1.0,-0.078,0.047,0.007,0.996,-0.019,0.008,0.001,1.0,0.045,0.011,-0.001,0.999,0.072,0.005,0.029,0.997,-0.096,0.033,0.008,0.995,0.002,0.013,0.011,1.0
19.375,-0.011,0.013,0.005,1.0,-0.077,0.046,0.007,0.996,-0.021,0.008,0.001,1.0,0.045,0.01,-0.002,0.999,0.076,0.005,0.029,0.997,-0.097,0.032,0.008,0.995,0.002,0.012,0.011,1.0
19.4,-0.01,0.015,0.005,1.0,-0.076,0.045,0.007,0.996,-0.021,0.008,0.001,1.0,0.045,0.01,-0.002,0.999,0.079,0.004,0.029,0.996,-0.096,0.031,0.008,0.995,0.003,0.011,0.011,1.0
19.425,-0.01,0.016,0.004,1.0,-0.072,0.043,0.006,0.996,-0.021,0.009,0.001,1.0,0.045,0.011,-0.002,0.999,0.079,0.004,0.029,0.996,-0.094,0.029,0.009,0.995,0.004,0.01,0.013,1.0
19.45,-0.01,0.017,0.004,1.0,-0.067,0.041,0.006,0.997,-0.02,0.009,0.001,1.0,0.045,0.011,-0.002,0.999,0.076,0.004,0.028,0.997,-0.093,0.027,0.01,0.995,0.004,0.009,0.014,1.0
19.475,-0.01,0.017,0.003,1.0,-0.063,0.039,0.005,0.997,-0.019,0.01,0.0,1.0,0.045,0.011,-0.002,0.999,0.074,0.003,0.027,0.997,-0.092,0.027,0.011,0.995,0.004,0.008,0.015,1.0
19.5,-0.01,0.018,0.003,1.0,-0.061,0.037,0.005,0.997,-0.019,0.011,-0.0,1.0,0.045,0.012,-0.002,0.999,0.072,0.002,0.026,0.997,-0.092,0.026,0.011,0.995,0.004,0.008,0.015,1.0
19.525,-0.01,0.019,0.001,1.0,-0.058,0.035,0.005,0.998,-0.019,0.011,-0.001,1.0,0.046,0.012,-0.003,0.999,0.071,0.001,0.025,0.997,-0.09,0.026,0.012,0.995,0.004,0.008,0.015,1.0
19.55,-0.009,0.02,0.0,1.0,-0.056,0.035,0.004,0.998,-0.021,0.011,-0.0,1.0,0.045,0.011,-0.003,0.999,0.072,0.0,0.023,0.997,-0.089,0.026,0.012,0.996,0.004,0.007,0.016,1.0
19.575,-0.007,0.022,-0.001,1.0,-0.056,0.034,0.003,0.998,-0.024,0.01,-0.0,1.0,0.045,0.01,-0.004,0.999,0.074,-0.0,0.022,0.997,-0.088,0.026,0.012,0.996,0.004,0.007,0.016,1.0
19.6,-0.005,0.024,-0.001,1.0,-0.056,0.034,0.001,0.998,-0.028,0.009,-0.0,1.0,0.045,0.009,-0.005,0.999,0.077,-0.001,0.021,0.997,-0.087,0.025,0.012,0.996,0.005,0.007,0.016,1.0
19.625,-0.003,0.026,-0.001,1.0,-0.054,0.034,0.0,0.998,-0.028,0.008,-0.0,1.0,0.045,0.009,-0.005,0.999,0.078,-0.001,0.021,0.997,-0.086,0.024,0.011,0.996,0.005,0.007,0.015,1.0
19.65,-0.002,0.028,-0.001,1.0,-0.049,0.035,-0.001,0.998,-0.027,0.007,-0.001,1.0,0.045,0.008,-0.006,0.999,0.079,0.0,0.021,0.997,-0.086,0.022,0.011,0.996,0.005,0.006,0.015,1.0
19.675,0.001,0.03,-0.001,1.0,-0.043,0.036,-0.002,0.998,-0.026,0.004,-0.002,1.0,0.045,0.007,-0.006,0.999,0.08,0.001,0.022,0.997,-0.086,0.019,0.01,0.996,0.005,0.006,0.015,1.0
19.7,0.003,0.032,-0.001,0.999,-0.038,0.036,-0.003,0.999,-0.025,0.003,-0.002,1.0,0.044,0.006,-0.006,0.999,0.081,0.002,0.022,0.996,-0.086,0.017,0.009,0.996,0.005,0.005,0.015,1.0
19.725,0.005,0.035,-0.0,0.999,-0.036,0.036,-0.005,0.999,-0.026,0.001,-0.003,1.0,0.044,0.006,-0.007,0.999,0.083,0.003,0.023,0.996,-0.085,0.015,0.009,0.996,0.005,0.005,0.015,1.0
19.75,0.006,0.036,-0.0,0.999,-0.034,0.035,-0.005,0.999,-0.025,0.0,-0.004,1.0,0.044,0.006,-0.007,0.999,0.083,0.003,0.022,0.996,-0.085,0.014,0.009,0.996,0.005,0.004,0.015,1.0
19.775,0.007,0.037,-0.0,0.999,-0.033,0.034,-0.005,0.999,-0.024,-0.001,-0.004,1.0,0.043,0.006,-0.007,0.999,0.083,0.003,0.021,0.996,-0.084,0.014,0.008,0.996,0.005,0.004,0.015,1.0
19.8,0.009,0.038,-0.001,0.999,-0.032,0.033,-0.006,0.999,-0.023,-0.001,-0.005,1.0,0.043,0.006,-0.007,0.999,0.084,0.002,0.02,0.996,-0.084,0.014,0.008,0.996,0.005,0.004,0.015,1.0
19.825,0.01,0.038,-0.002,0.999,-0.028,0.032,-0.007,0.999,-0.022,-0.002,-0.006,1.0,0.043,0.006,-0.007,0.999,0.082,0.001,0.018,0.996,-0.083,0.014,0.008,0.996,0.005,0.005,0.016,1.0
19.85,0.011,0.038,-0.003,0.999,-0.023,0.031,-0.008,0.999,-0.021,-0.003,-0.006,1.0,0.043,0.006,-0.007,0.999,0.08,-0.0,0.016,0.997,-0.083,0.015,0.008,0.996,0.005,0.005,0.016,1.0
19.875,0.012,0.037,-0.003,0.999,-0.021,0.029,-0.009,0.999,-0.02,-0.003,-0.007,1.0,0.043,0.006,-0.007,0.999,0.078,-0.002,0.015,0.997,-0.083,0.015,0.008,0.996,0.005,0.005,0.015,1.0
19.9,0.012,0.036,-0.003,0.999,-0.018,0.027,-0.009,0.999,-0.02,-0.003,-0.008,1.0,0.043,0.006,-0.007,0.999,0.077,-0.002,0.014,0.997,-0.083,0.015,0.008,0.996,0.005,0.004,0.015,1.0
19.925,0.013,0.037,-0.004,0.999,-0.018,0.026,-0.01,0.999,-0.021,-0.003,-0.008,1.0,0.043,0.006,-0.008,0.999,0.076,-0.003,0.013,0.997,-0.083,0.014,0.008,0.996,0.005,0.004,0.015,1.0
19.95,0.013,0.039,-0.004,0.999,-0.018,0.025,-0.011,0.999,-0.022,-0.004,-0.008,1.0,0.043,0.005,-0.008,0.999,0.075,-0.003,0.013,0.997,-0.083,0.013,0.008,0.996,0.006,0.004,0.015,1.0
19.975,0.013,0.041,-0.004,0.999,-0.018,0.025,-0.011,0.999,-0.022,-0.005,-0.008,1.0,0.043,0.005,-0.009,0.999,0.074,-0.002,0.013,0.997,-0.084,0.012,0.008,0.996,0.006,0.004,0.015,1.0
20.0,0.012,0.043,-0.003,0.999,-0.018,0.026,-0.012,0.999,-0.022,-0.006,-0.008,1.0,0.043,0.005,-0.009,0.999,0.074,-0.002,0.013,0.997,-0.085,0.01,0.007,0.996,0.006,0.004,0.014,1.0
20.025,0.012,0.044,-0.003,0.999,-0.018,0.026,-0.012,0.999,-0.022,-0.007,-0.008,1.0,0.043,0.004,-0.009,0.999,0.074,-0.002,0.013,0.997,-0.086,0.009,0.007,0.996,0.005,0.004,0.013,1.0
20.05,0.012,0.045,-0.002,0.999,-0.018,0.026,-0.013,0.999,-0.022,-0.008,-0.008,1.0,0.043,0.004,-0.009,0.999,0.076,-0.003,0.013,0.997,-0.086,0.008,0.007,0.996,0.005,0.004,0.012,1.0
20.075,0.013,0.044,-0.002,0.999,-0.019,0.026,-0.013,0.999,-0.023,-0.009,-0.008,1.0,0.043,0.003,-0.009,0.999,0.076,-0.003,0.013,0.997,-0.086,0.008,0.007,0.996,0.005,0.004,0.012,1.0
20.1,0.013,0.043,-0.001,0.999,-0.021,0.024,-0.013,0.999,-0.023,-0.009,-0.008,1.0,0.043,0.003,-0.009,0.999,0.077,-0.003,0.012,0.997,-0.086,0.008,0.007,0.996,0.006,0.005,0.011,1.0
20.125,0.014,0.042,-0.001,0.999,-0.02,0.023,-0.013,0.999,-0.023,-0.009,-0.008,1.0,0.043,0.003,-0.009,0.999,0.078,-0.004,0.012,0.997,-0.086,0.008,0.007,0.996,0.006,0.004,0.011,1.0
20.15,0.015,0.04,-0.001,0.999,-0.019,0.022,-0.013,0.999,-0.022,-0.009,-0.008,1.0,0.043,0.003,-0.009,0.999,0.078,-0.005,0.011,0.997,-0.087,0.008,0.007,0.996,0.006,0.004,0.011,1.0
20.175,0.016,0.039,-0.001,0.999,-0.019,0.021,-0.013,1.0,-0.022,-0.01,-0.008,1.0,0.043,0.003,-0.008,0.999,0.077,-0.006,0.01,0.997,-0.087,0.008,0.008,0.996,0.005,0.004,0.01,1.0
20.2,0.017,0.039,-0.001,0.999,-0.018,0.02,-0.013,1.0,-0.021,-0.011,-0.008,1.0,0.043,0.003,-0.008,0.999,0.076,-0.006,0.009,0.997,-0.088,0.008,0.008,0.996,0.005,0.005,0.01,1.0
20.225,0.017,0.039,-0.001,0.999,-0.018,0.02,-0.013,1.0,-0.02,-0.012,-0.008,1.0,0.043,0.002,-0.007,0.999,0.074,-0.007,0.009,0.997,-0.088,0.008,0.008,0.996,0.005,0.005,0.01,1.0
20.25,0.018,0.04,-0.001,0.999,-0.017,0.02,-0.013,1.0,-0.019,-0.013,-0.008,1.0,0.043,0.002,-0.007,0.999,0.072,-0.007,0.009,0.997,-0.089,0.007,0.009,0.996,0.006,0.004,0.01,1.0
20.275,0.018,0.041,-0.001,0.999,-0.016,0.02,-0.014,1.0,-0.019,-0.013,-0.007,1.0,0.043,0.002,-0.007,0.999,0.072,-0.007,0.01,0.997,-0.089,0.007,0.009,0.996,0.005,0.004,0.01,1.0
20.3,0.019,0.041,-0.0,0.999,-0.015,0.019,-0.014,1.0,-0.018,-0.014,-0.007,1.0,0.043,0.002,-0.006,0.999,0.073,-0.007,0.01,0.997,-0.089,0.006,0.009,0.996,0.005,0.004,0.01,1.0
20.325,0.019,0.042,0.0,0.999,-0.015,0.019,-0.014,1.0,-0.018,-0.015,-0.007,1.0,0.043,0.002,-0.006,0.999,0.073,-0.007,0.01,0.997,-0.09,0.005,0.009,0.996,0.005,0.004,0.01,1.0
20.35,0.018,0.042,0.0,0.999,-0.014,0.019,-0.014,1.0,-0.018,-0.015,-0.007,1.0,0.043,0.002,-0.006,0.999,0.072,-0.007,0.01,0.997,-0.09,0.004,0.009,0.996,0.005,0.004,0.01,1.0
20.375,0.018,0.042,0.0,0.999,-0.014,0.018,-0.014,1.0,-0.018,-0.015,-0.007,1.0,0.043,0.002,-0.006,0.999,0.071,-0.007,0.01,0.997,-0.091,0.004,0.009,0.996,0.005,0.004,0.009,1.0
20.4,0.017,0.042,0.0,0.999,-0.015,0.018,-0.014,1.0,-0.018,-0.015,-0.007,1.0,0.043,0.002,-0.006,0.999,0.07,-0.008,0.01,0.997,-0.091,0.003,0.009,0.996,0.005,0.004,0.009,1.0
20.425,0.016,0.042,0.0,0.999,-0.016,0.017,-0.014,1.0,-0.019,-0.015,-0.007,1.0,0.043,0.002,-0.006,0.999,0.069,-0.008,0.01,0.998,-0.091,0.003,0.009,0.996,0.005,0.004,0.009,1.0
20.45,0.015,0.041,0.0,0.999,-0.017,0.017,-0.014,1.0,-0.019,-0.015,-0.007,1.0,0.043,0.002,-0.006,0.999,0.068,-0.009,0.01,0.998,-0.092,0.003,0.009,0.996,0.005,0.004,0.009,1.0
20.475,0.014,0.04,0.0,0.999,-0.018,0.017,-0.014,1.0,-0.019,-0.015,-0.006,1.0,0.043,0.002,-0.006,0.999,0.067,-0.009,0.01,0.998,-0.092,0.003,0.009,0.996,0.005,0.004,0.009,1.0
20.5,0.012,0.04,0.0,0.999,-0.019,0.016,-0.014,1.0,-0.02,-0.015,-0.006,1.0,0.043,0.001,-0.006,0.999,0.067,-0.009,0.009,0.998,-0.092,0.002,0.009,0.996,0.005,0.004,0.009,1.0
20.525,0.011,0.039,0.0,0.999,-0.021,0.016,-0.014,1.0,-0.02,-0.015,-0.006,1.0,0.042,0.001,-0.007,0.999,0.068,-0.01,0.009,0.998,-0.091,0.002,0.009,0.996,0.005,0.004,0.009,1.0
20.55,0.01,0.039,0.0,0.999,-0.023,0.015,-0.013,1.0,-0.021,-0.014,-0.006,1.0,0.042,0.001,-0.007,0.999,0.068,-0.01,0.009,0.998,-0.091,0.002,0.009,0.996,0.005,0.004,0.009,1.0
20.575,0.009,0.038,0.0,0.999,-0.024,0.015,-0.013,1.0,-0.021,-0.014,-0.006,1.0,0.042,0.001,-0.007,0.999,0.067,-0.01,0.009,0.998,-0.091,0.002,0.009,0.996,0.005,0.004,0.009,1.0
20.6,0.008,0.037,0.0,0.999,-0.025,0.015,-0.013,0.999,-0.022,-0.014,-0.006,1.0,0.042,0.001,-0.007,0.999,0.067,-0.011,0.009,0.998,-0.091,0.002,0.009,0.996,0.005,0.004,0.009,1.0
20.625,0.007,0.037,0.0,0.999,-0.027,0.014,-0.012,0.999,-0.022,-0.013,-0.006,1.0,0.042,0.001,-0.007,0.999,0.067,-0.011,0.008,0.998,-0.092,0.002,0.009,0.996,0.005,0.003,0.009,1.0
20.65,0.005,0.037,0.001,0.999,-0.028,0.015,-0.012,0.999,-0.022,-0.013,-0.006,1.0,0.042,0.001,-0.007,0.999,0.065,-0.011,0.008,0.998,-0.092,0.002,0.009,0.996,0.005,0.003,0.008,1.0
20.675,0.003,0.037,0.001,0.999,-0.029,0.015,-0.012,0.999,-0.022,-0.013,-0.006,1.0,0.042,0.0,-0.007,0.999,0.064,-0.012,0.008,0.998,-0.092,0.002,0.009,0.996,0.005,0.003,0.008,1.0
20.7,0.001,0.036,0.001,0.999,-0.031,0.015,-0.012,0.999,-0.022,-0.013,-0.006,1.0,0.042,0.0,-0.007,0.999,0.063,-0.013,0.008,0.998,-0.092,0.001,0.009,0.996,0.005,0.003,0.008,1.0
20.725,-0.001,0.035,0.002,0.999,-0.033,0.015,-0.011,0.999,-0.022,-0.013,-0.006,1.0,0.042,0.0,-0.007,0.999,0.062,-0.013,0.007,0.998,-0.092,0.001,0.009,0.996,0.005,0.003,0.008,1.0
20.75,-0.001,0.035,0.001,0.999,-0.034,0.015,-0.011,0.999,-0.022,-0.014,-0.005,1.0,0.042,0.0,-0.007,0.999,0.062,-0.013,0.007,0.998,-0.092,0.001,0.01,0.996,0.005,0.003,0.008,1.0
20.775,-0.002,0.035,0.001,0.999,-0.035,0.015,-0.011,0.999,-0.022,-0.014,-0.005,1.0,0.042,-0.0,-0.007,0.999,0.061,-0.014,0.007,0.998,-0.092,0.001,0.01,0.996,0.005,0.003,0.008,1.0
20.8,-0.003,0.035,0.001,0.999,-0.035,0.015,-0.011,0.999,-0.021,-0.014,-0.005,1.0,0.042,-0.0,-0.006,0.999,0.06,-0.014,0.007,0.998,-0.093,0.001,0.01,0.996,0.005,0.003,0.008,1.0
20.825,-0.003,0.035,0.001,0.999,-0.033,0.016,-0.011,0.999,-0.021,-0.014,-0.005,1.0,0.042,0.0,-0.006,0.999,0.06,-0.014,0.007,0.998,-0.093,0.001,0.01,0.996,0.005,0.003,0.008,1.0
20.85,-0.003,0.035,0.001,0.999,-0.031,0.016,-0.011,0.999,-0.02,-0.015,-0.005,1.0,0.042,-0.0,-0.005,0.999,0.06,-0.014,0.007,0.998,-0.093,0.0,0.01,0.996,0.005,0.003,0.008,1.0
20.875,-0.003,0.036,0.001,0.999,-0.03,0.016,-0.012,0.999,-0.019,-0.015,-0.005,1.0,0.042,-0.0,-0.005,0.999,0.06,-0.014,0.007,0.998,-0.093,0.0,0.01,0.996,0.005,0.003,0.008,1.0
20.9,-0.003,0.036,0.001,0.999,-0.029,0.016,-0.012,0.999,-0.018,-0.016,-0.005,1.0,0.042,-0.0,-0.005,0.999,0.06,-0.014,0.007,0.998,-0.093,-0.0,0.01,0.996,0.005,0.003,0.008,1.0
20.925,-0.002,0.036,0.001,0.999,-0.029,0.017,-0.012,0.999,-0.018,-0.016,-0.005,1.0,0.042,-0.0,-0.005,0.999,0.061,-0.014,0.007,0.998,-0.093,-0.0,0.01,0.996,0.005,0.003,0.008,1.0
20.95,-0.002,0.036,0.001,0.999,-0.028,0.017,-0.012,0.999,-0.017,-0.016,-0.006,1.0,0.043,-0.0,-0.004,0.999,0.061,-0.014,0.007,0.998,-0.093,-0.001,0.01,0.996,0.005,0.003,0.008,1.0
20.975,-0.002,0.036,0.001,0.999,-0.028,0.017,-0.012,0.999,-0.017,-0.016,-0.006,1.0,0.043,-0.0,-0.004,0.999,0.061,-0.014,0.007,0.998,-0.093,-0.001,0.01,0.996,0.005,0.003,0.008,1.0
21.0,-0.002,0.036,0.001,0.999,-0.029,0.017,-0.013,0.999,-0.016,-0.016,-0.006,1.0,0.043,-0.0,-0.004,0.999,0.061,-0.014,0.007,0.998,-0.093,-0.001,0.01,0.996,0.005,0.003,0.008,1.0
21.025,-0.003,0.036,0.001,0.999,-0.029,0.017,-0.013,0.999,-0.016,-0.016,-0.006,1.0,0.043,-0.0,-0.004,0.999,0.06,-0.014,0.007,0.998,-0.094,-0.001,0.01,0.996,0.005,0.003,0.008,1.0
21.05,-0.003,0.035,0.001,0.999,-0.029,0.017,-0.013,0.999,-0.016,-0.016,-0.006,1.0,0.043,-0.0,-0.003,0.999,0.06,-0.014,0.007,0.998,-0.094,-0.001,0.01,0.996,0.005,0.003,0.008,1.0
21.075,-0.003,0.035,0.001,0.999,-0.029,0.016,-0.013,0.999,-0.016,-0.016,-0.006,1.0,0.043,0.0,-0.003,0.999,0.06,-0.014,0.007,0.998,-0.094,-0.001,0.009,0.996,0.005,0.003,0.008,1.0
21.1,-0.003,0.034,0.001,0.999,-0.029,0.016,-0.013,0.999,-0.015,-0.017,-0.006,1.0,0.043,0.0,-0.003,0.999,0.06,-0.014,0.007,0.998,-0.094,-0.001,0.009,0.996,0.005,0.003,0.008,1.0
21.125,-0.003,0.034,0.001,0.999,-0.029,0.016,-0.013,0.999,-0.015,-0.017,-0.006,1.0,0.043,0.0,-0.003,0.999,0.061,-0.014,0.006,0.998,-0.093,-0.001,0.009,0.996,0.005,0.003,0.008,1.0
21.15,-0.002,0.033,0.001,0.999,-0.029,0.016,-0.014,0.999,-0.015,-0.017,-0.006,1.0,0.043,0.0,-0.003,0.999,0.062,-0.014,0.006,0.998,-0.093,-0.001,0.009,0.996,0.005,0.003,0.008,1.0
21.175,-0.002,0.033,0.001,0.999,-0.03,0.016,-0.014,0.999,-0.014,-0.017,-0.007,1.0,0.043,0.0,-0.003,0.999,0.062,-0.014,0.006,0.998,-0.093,-0.001,0.008,0.996,0.005,0.003,0.008,1.0
21.2,-0.002,0.033,0.001,0.999,-0.029,0.016,-0.014,0.999,-0.014,-0.018,-0.007,1.0,0.043,0.0,-0.003,0.999,0.062,-0.014,0.005,0.998,-0.093,-0.001,0.008,0.996,0.005,0.003,0.008,1.0
21.225,-0.002,0.033,0.001,0.999,-0.029,0.016,-0.015,0.999,-0.013,-0.018,-0.007,1.0,0.043,0.0,-0.003,0.999,0.062,-0.013,0.005,0.998,-0.093,-0.001,0.008,0.996,0.005,0.003,0.008,1.0
21.25,-0.001,0.032,0.001,0.999,-0.028,0.015,-0.016,0.999,-0.013,-0.017,-0.008,1.0,0.043,0.0,-0.003,0.999,0.062,-0.013,0.005,0.998,-0.093,-0.001,0.007,0.996,0.005,0.003,0.007,1.0
21.275,-0.0,0.031,0.002,1.0,-0.027,0.015,-0.016,0.999,-0.012,-0.017,-0.008,1.0,0.043,0.0,-0.002,0.999,0.063,-0.013,0.005,0.998,-0.094,-0.0,0.006,0.996,0.005,0.003,0.007,1.0
21.3,0.0,0.031,0.002,1.0,-0.027,0.014,-0.018,0.999,-0.012,-0.017,-0.007,1.0,0.042,0.001,-0.001,0.999,0.063,-0.013,0.004,0.998,-0.096,0.001,0.005,0.995,0.005,0.004,0.007,1.0
21.325,0.0,0.029,0.002,1.0,-0.026,0.015,-0.018,0.999,-0.012,-0.017,-0.007,1.0,0.042,0.001,-0.001,0.999,0.064,-0.013,0.004,0.998,-0.096,0.001,0.004,0.995,0.005,0.004,0.007,1.0
21.35,0.001,0.026,0.003,1.0,-0.028,0.016,-0.018,0.999,-0.012,-0.018,-0.008,1.0,0.041,0.001,0.0,0.999,0.066,-0.013,0.003,0.998,-0.097,0.002,0.003,0.995,0.005,0.005,0.007,1.0
21.375,0.002,0.023,0.003,1.0,-0.03,0.016,-0.019,0.999,-0.011,-0.02,-0.008,1.0,0.041,0.002,0.0,0.999,0.069,-0.013,0.002,0.998,-0.097,0.003,0.001,0.995,0.005,0.006,0.007,1.0
21.4,0.002,0.021,0.003,1.0,-0.032,0.017,-0.019,0.999,-0.011,-0.021,-0.009,1.0,0.041,0.003,0.0,0.999,0.071,-0.013,0.001,0.997,-0.097,0.003,0.0,0.995,0.005,0.006,0.008,1.0
21.425,0.003,0.019,0.003,1.0,-0.032,0.018,-0.019,0.999,-0.008,-0.023,-0.01,1.0,0.042,0.004,0.0,0.999,0.073,-0.013,0.001,0.997,-0.097,0.004,-0.001,0.995,0.005,0.007,0.008,1.0
21.45,0.004,0.016,0.002,1.0,-0.033,0.019,-0.02,0.999,-0.005,-0.025,-0.011,1.0,0.042,0.004,0.001,0.999,0.076,-0.012,-0.0,0.997,-0.097,0.004,-0.002,0.995,0.005,0.007,0.008,1.0
21.475,0.006,0.012,0.002,1.0,-0.033,0.022,-0.02,0.999,-0.003,-0.028,-0.012,1.0,0.043,0.005,0.001,0.999,0.079,-0.011,-0.001,0.997,-0.096,0.004,-0.004,0.995,0.005,0.007,0.008,1.0
21.5,0.008,0.008,0.001,1.0,-0.032,0.024,-0.021,0.999,0.001,-0.031,-0.014,0.999,0.043,0.005,0.001,0.999,0.084,-0.011,-0.002,0.996,-0.095,0.004,-0.005,0.995,0.005,0.007,0.008,1.0
21.525,0.009,0.005,0.0,1.0,-0.031,0.025,-0.022,0.999,0.005,-0.034,-0.016,0.999,0.044,0.005,0.001,0.999,0.088,-0.01,-0.003,0.996,-0.093,0.004,-0.006,0.996,0.005,0.007,0.009,1.0
21.55,0.011,0.002,-0.001,1.0,-0.028,0.025,-0.024,0.999,0.008,-0.035,-0.017,0.999,0.044,0.006,0.001,0.999,0.091,-0.01,-0.005,0.996,-0.09,0.005,-0.007,0.996,0.004,0.007,0.009,1.0
21.575,0.014,-0.001,-0.003,1.0,-0.026,0.024,-0.025,0.999,0.011,-0.035,-0.019,0.999,0.045,0.006,0.001,0.999,0.094,-0.01,-0.008,0.995,-0.087,0.005,-0.008,0.996,0.004,0.007,0.01,1.0
21.6,0.016,-0.006,-0.004,1.0,-0.026,0.022,-0.027,0.999,0.013,-0.036,-0.021,0.999,0.046,0.006,0.001,0.999,0.098,-0.011,-0.011,0.995,-0.085,0.005,-0.01,0.996,0.004,0.006,0.01,1.0
21.625,0.017,-0.011,-0.005,1.0,-0.023,0.019,-0.028,0.999,0.017,-0.035,-0.024,0.999,0.046,0.007,0.001,0.999,0.102,-0.011,-0.014,0.995,-0.083,0.006,-0.011,0.996,0.004,0.006,0.011,1.0
21.65,0.018,-0.016,-0.005,1.0,-0.019,0.016,-0.03,0.999,0.021,-0.035,-0.026,0.999,0.047,0.007,0.001,0.999,0.104,-0.011,-0.017,0.994,-0.082,0.005,-0.013,0.997,0.003,0.006,0.011,1.0
21.675,0.018,-0.021,-0.007,1.0,-0.016,0.014,-0.032,0.999,0.026,-0.035,-0.03,0.999,0.048,0.008,0.001,0.999,0.106,-0.011,-0.02,0.994,-0.08,0.003,-0.016,0.997,0.003,0.005,0.012,1.0
21.7,0.017,-0.025,-0.008,1.0,-0.013,0.011,-0.035,0.999,0.03,-0.035,-0.033,0.998,0.048,0.008,0.002,0.999,0.107,-0.009,-0.023,0.994,-0.08,-0.0,-0.018,0.997,0.003,0.005,0.012,1.0
21.725,0.015,-0.028,-0.008,0.999,-0.011,0.008,-0.037,0.999,0.033,-0.035,-0.037,0.998,0.049,0.009,0.002,0.999,0.107,-0.006,-0.026,0.994,-0.08,-0.006,-0.022,0.997,0.003,0.003,0.012,1.0
21.75,0.012,-0.03,-0.008,0.999,-0.013,0.005,-0.038,0.999,0.036,-0.036,-0.041,0.998,0.049,0.009,0.003,0.999,0.104,-0.0,-0.026,0.994,-0.082,-0.016,-0.026,0.996,0.002,0.001,0.012,1.0
21.775,0.007,-0.031,-0.006,0.999,-0.019,-0.001,-0.038,0.999,0.038,-0.037,-0.045,0.998,0.05,0.01,0.003,0.999,0.095,0.009,-0.022,0.995,-0.083,-0.029,-0.031,0.996,0.002,-0.004,0.014,1.0
21.8,0.004,-0.033,-0.002,0.999,-0.024,-0.006,-0.038,0.999,0.041,-0.038,-0.05,0.997,0.05,0.011,0.004,0.999,0.082,0.023,-0.014,0.996,-0.083,-0.044,-0.037,0.995,0.004,-0.017,0.016,1.0
21.825,0.002,-0.034,0.004,0.999,-0.026,-0.011,-0.038,0.999,0.044,-0.039,-0.054,0.997,0.05,0.012,0.004,0.999,0.07,0.039,-0.002,0.997,-0.078,-0.067,-0.044,0.994,0.009,-0.043,0.016,0.999
21.85,0.0,-0.032,0.011,0.999,-0.026,-0.015,-0.039,0.999,0.044,-0.041,-0.058,0.997,0.05,0.011,0.004,0.999,0.063,0.057,0.015,0.996,-0.075,-0.094,-0.05,0.992,0.018,-0.074,0.013,0.997
21.875,-0.004,-0.029,0.02,0.999,-0.028,-0.02,-0.039,0.999,0.037,-0.042,-0.06,0.997,0.049,0.01,0.002,0.999,0.059,0.075,0.033,0.995,-0.08,-0.117,-0.052,0.988,0.021,-0.096,0.003,0.995
21.9,-0.009,-0.025,0.025,0.999,-0.034,-0.026,-0.039,0.998,0.028,-0.043,-0.06,0.997,0.048,0.007,-0.0,0.999,0.061,0.09,0.048,0.993,-0.088,-0.133,-0.05,0.986,0.019,-0.1,-0.005,0.995
21.925,-0.015,-0.023,0.026,0.999,-0.041,-0.031,-0.038,0.998,0.021,-0.046,-0.061,0.997,0.047,0.004,-0.003,0.999,0.064,0.103,0.06,0.991,-0.094,-0.139,-0.045,0.985,0.016,-0.098,-0.005,0.995
21.95,-0.021,-0.021,0.025,0.999,-0.046,-0.035,-0.039,0.998,0.014,-0.049,-0.061,0.997,0.047,-0.0,-0.006,0.999,0.059,0.115,0.07,0.989,-0.096,-0.131,-0.041,0.986,0.014,-0.087,0.003,0.996
21.975,-0.026,-0.02,0.022,0.999,-0.051,-0.038,-0.04,0.997,0.004,-0.054,-0.061,0.997,0.046,-0.005,-0.012,0.999,0.052,0.125,0.077,0.988,-0.096,-0.113,-0.038,0.988,0.012,-0.066,0.014,0.998
22.0,-0.029,-0.019,0.021,0.999,-0.055,-0.042,-0.04,0.997,-0.008,-0.059,-0.059,0.996,0.045,-0.01,-0.02,0.999,0.044,0.134,0.083,0.987,-0.095,-0.085,-0.036,0.991,0.01,-0.037,0.023,0.999
22.025,-0.03,-0.017,0.021,0.999,-0.055,-0.046,-0.041,0.997,-0.017,-0.063,-0.058,0.996,0.045,-0.015,-0.029,0.998,0.039,0.142,0.089,0.985,-0.093,-0.051,-0.036,0.994,0.009,-0.002,0.031,0.999
22.05,-0.031,-0.015,0.02,0.999,-0.053,-0.051,-0.041,0.996,-0.025,-0.067,-0.058,0.996,0.044,-0.02,-0.036,0.998,0.033,0.148,0.095,0.984,-0.09,-0.012,-0.035,0.995,0.008,0.036,0.038,0.999
22.075,-0.031,-0.014,0.02,0.999,-0.048,-0.057,-0.043,0.996,-0.032,-0.071,-0.057,0.995,0.043,-0.024,-0.041,0.998,0.03,0.152,0.101,0.983,-0.088,0.029,-0.034,0.995,0.006,0.075,0.047,0.996
22.1,-0.03,-0.014,0.02,0.999,-0.042,-0.063,-0.045,0.996,-0.04,-0.075,-0.056,0.995,0.042,-0.028,-0.045,0.998,0.03,0.155,0.107,0.982,-0.088,0.071,-0.031,0.993,0.002,0.113,0.058,0.992
22.125,-0.029,-0.015,0.021,0.999,-0.038,-0.07,-0.048,0.996,-0.049,-0.078,-0.054,0.994,0.041,-0.032,-0.047,0.998,0.034,0.159,0.112,0.98,-0.089,0.113,-0.027,0.989,-0.004,0.152,0.071,0.986
22.15,-0.029,-0.017,0.024,0.999,-0.037,-0.077,-0.049,0.995,-0.055,-0.083,-0.054,0.994,0.039,-0.036,-0.048,0.997,0.042,0.161,0.115,0.979,-0.087,0.153,-0.021,0.984,-0.008,0.187,0.086,0.979
22.175,-0.031,-0.019,0.03,0.999,-0.037,-0.083,-0.05,0.995,-0.056,-0.09,-0.054,0.993,0.038,-0.04,-0.045,0.997,0.053,0.162,0.119,0.978,-0.086,0.188,-0.014,0.978,-0.012,0.218,0.101,0.971
22.2,-0.034,-0.022,0.036,0.999,-0.033,-0.087,-0.051,0.994,-0.054,-0.099,-0.055,0.992,0.038,-0.045,-0.041,0.997,0.063,0.163,0.123,0.977,-0.085,0.22,-0.009,0.972,-0.018,0.245,0.114,0.963
22.225,-0.034,-0.023,0.041,0.998,-0.027,-0.09,-0.053,0.994,-0.053,-0.109,-0.057,0.991,0.038,-0.052,-0.039,0.997,0.069,0.163,0.128,0.976,-0.082,0.246,-0.006,0.966,-0.022,0.267,0.124,0.955
22.25,-0.033,-0.025,0.046,0.998,-0.023,-0.096,-0.054,0.994,-0.054,-0.12,-0.058,0.99,0.039,-0.061,-0.041,0.997,0.073,0.163,0.134,0.975,-0.077,0.265,-0.002,0.961,-0.019,0.285,0.131,0.949
22.275,-0.032,-0.027,0.051,0.998,-0.022,-0.102,-0.053,0.993,-0.053,-0.132,-0.059,0.988,0.041,-0.073,-0.045,0.995,0.077,0.161,0.141,0.974,-0.065,0.275,0.004,0.959,-0.008,0.294,0.138,0.946
22.3,-0.034,-0.029,0.055,0.997,-0.022,-0.108,-0.052,0.993,-0.049,-0.146,-0.061,0.986,0.044,-0.088,-0.046,0.994,0.079,0.16,0.145,0.973,-0.058,0.276,0.008,0.959,-0.0,0.293,0.138,0.946
22.325,-0.038,-0.031,0.056,0.997,-0.024,-0.113,-0.051,0.992,-0.046,-0.161,-0.063,0.984,0.046,-0.108,-0.046,0.992,0.076,0.158,0.146,0.974,-0.058,0.266,0.009,0.962,0.004,0.285,0.133,0.949
22.35,-0.042,-0.034,0.057,0.997,-0.03,-0.118,-0.05,0.991,-0.05,-0.177,-0.063,0.981,0.047,-0.136,-0.047,0.988,0.071,0.156,0.144,0.975,-0.065,0.248,0.008,0.966,0.001,0.267,0.118,0.956
22.375,-0.044,-0.035,0.058,0.997,-0.039,-0.123,-0.047,0.99,-0.053,-0.193,-0.061,0.978,0.05,-0.17,-0.05,0.983,0.067,0.149,0.143,0.976,-0.068,0.237,0.009,0.969,0.003,0.239,0.11,0.965
22.4,-0.047,-0.036,0.055,0.997,-0.044,-0.128,-0.044,0.99,-0.057,-0.21,-0.059,0.974,0.054,-0.212,-0.06,0.974,0.07,0.138,0.14,0.978,-0.067,0.225,0.012,0.972,0.008,0.191,0.089,0.978
22.425,-0.047,-0.034,0.052,0.997,-0.044,-0.129,-0.042,0.99,-0.06,-0.229,-0.055,0.97,0.059,-0.259,-0.073,0.961,0.071,0.131,0.143,0.979,-0.07,0.209,0.013,0.975,0.014,0.159,0.074,0.984
22.45,-0.045,-0.034,0.046,0.997,-0.044,-0.125,-0.039,0.99,-0.065,-0.25,-0.051,0.965,0.064,-0.312,-0.088,0.944,0.064,0.125,0.144,0.98,-0.076,0.19,0.013,0.979,0.016,0.136,0.067,0.988
22.475,-0.045,-0.033,0.039,0.998,-0.047,-0.117,-0.033,0.991,-0.071,-0.274,-0.047,0.958,0.065,-0.369,-0.101,0.922,0.055,0.118,0.142,0.981,-0.081,0.171,0.014,0.982,0.012,0.112,0.065,0.992
22.5,-0.044,-0.029,0.031,0.998,-0.055,-0.106,-0.022,0.993,-0.076,-0.3,-0.046,0.95,0.061,-0.427,-0.104,0.896,0.057,0.107,0.138,0.983,-0.086,0.154,0.014,0.984,0.012,0.086,0.063,0.994
22.525,-0.041,-0.026,0.026,0.998,-0.067,-0.09,-0.012,0.994,-0.085,-0.327,-0.046,0.94,0.054,-0.488,-0.1,0.866,0.063,0.092,0.13,0.985,-0.086,0.139,0.016,0.987,0.012,0.061,0.063,0.996
22.55,-0.039,-0.023,0.021,0.999,-0.078,-0.072,-0.003,0.994,-0.094,-0.353,-0.047,0.93,0.041,-0.548,-0.094,0.83,0.066,0.082,0.122,0.987,-0.081,0.122,0.018,0.989,0.013,0.04,0.062,0.997
22.575,-0.036,-0.02,0.013,0.999,-0.082,-0.05,0.003,0.995,-0.107,-0.379,-0.047,0.918,0.02,-0.605,-0.091,0.79,0.065,0.076,0.115,0.988,-0.077,0.104,0.02,0.991,0.011,0.03,0.054,0.998
22.6,-0.033,-0.017,0.006,0.999,-0.074,-0.024,0.005,0.997,-0.115,-0.402,-0.048,0.907,-0.008,-0.644,-0.094,0.76,0.064,0.067,0.107,0.99,-0.078,0.089,0.021,0.993,0.008,0.024,0.044,0.999
22.625,-0.031,-0.013,-0.001,0.999,-0.064,0.006,0.005,0.998,-0.121,-0.419,-0.044,0.899,-0.027,-0.639,-0.091,0.763,0.059,0.057,0.1,0.992,-0.08,0.075,0.021,0.994,0.007,0.02,0.037,0.999
22.65,-0.029,-0.007,-0.007,1.0,-0.059,0.038,0.005,0.998,-0.11,-0.428,-0.044,0.896,-0.029,-0.6,-0.086,0.795,0.056,0.047,0.092,0.993,-0.081,0.062,0.021,0.995,0.006,0.018,0.033,0.999
22.675,-0.025,-0.004,-0.011,1.0,-0.063,0.071,0.002,0.996,-0.099,-0.428,-0.045,0.897,-0.012,-0.555,-0.073,0.829,0.059,0.036,0.083,0.994,-0.081,0.052,0.021,0.995,0.006,0.016,0.03,0.999
22.7,-0.019,-0.003,-0.016,1.0,-0.073,0.102,-0.003,0.992,-0.096,-0.416,-0.042,0.903,0.004,-0.513,-0.057,0.856,0.064,0.025,0.074,0.995,-0.08,0.043,0.021,0.996,0.006,0.014,0.029,0.999
22.725,-0.013,-0.002,-0.019,1.0,-0.082,0.132,-0.007,0.988,-0.096,-0.394,-0.04,0.913,0.006,-0.47,-0.044,0.882,0.069,0.014,0.064,0.995,-0.08,0.034,0.022,0.996,0.007,0.014,0.028,0.999
22.75,-0.008,-0.001,-0.022,1.0,-0.087,0.162,-0.014,0.983,-0.097,-0.362,-0.036,0.926,0.003,-0.414,-0.028,0.91,0.074,0.003,0.054,0.996,-0.083,0.026,0.022,0.996,0.009,0.015,0.023,1.0
22.775,-0.004,-0.0,-0.024,1.0,-0.09,0.192,-0.021,0.977,-0.098,-0.321,-0.034,0.941,0.001,-0.351,-0.01,0.936,0.077,-0.009,0.044,0.996,-0.087,0.017,0.022,0.996,0.01,0.016,0.017,1.0
22.8,-0.001,0.002,-0.025,1.0,-0.091,0.22,-0.025,0.971,-0.102,-0.271,-0.032,0.957,-0.005,-0.288,-0.005,0.958,0.076,-0.02,0.036,0.996,-0.092,0.007,0.023,0.995,0.011,0.016,0.01,1.0
22.825,0.002,0.004,-0.026,1.0,-0.088,0.244,-0.025,0.965,-0.102,-0.212,-0.033,0.971,-0.005,-0.221,-0.012,0.975,0.072,-0.028,0.027,0.997,-0.095,-0.005,0.024,0.995,0.011,0.014,0.006,1.0
22.85,0.005,0.008,-0.026,1.0,-0.086,0.262,-0.025,0.961,-0.095,-0.146,-0.036,0.984,0.001,-0.15,-0.027,0.988,0.063,-0.034,0.019,0.997,-0.097,-0.018,0.025,0.995,0.011,0.011,0.004,1.0
22.875,0.007,0.011,-0.026,1.0,-0.085,0.273,-0.024,0.958,-0.084,-0.074,-0.038,0.993,0.013,-0.076,-0.047,0.996,0.056,-0.042,0.012,0.997,-0.1,-0.032,0.025,0.994,0.01,0.007,-0.001,1.0
22.9,0.008,0.014,-0.025,1.0,-0.087,0.277,-0.024,0.957,-0.069,0.002,-0.038,0.997,0.031,-0.002,-0.067,0.997,0.051,-0.051,0.006,0.997,-0.104,-0.047,0.025,0.993,0.01,0.003,-0.006,1.0
22.925,0.01,0.017,-0.025,1.0,-0.097,0.274,-0.027,0.956,-0.062,0.079,-0.033,0.994,0.053,0.066,-0.091,0.992,0.046,-0.06,-0.001,0.997,-0.106,-0.062,0.026,0.992,0.01,-0.002,-0.01,1.0
22.95,0.013,0.021,-0.027,0.999,-0.111,0.264,-0.034,0.957,-0.051,0.15,-0.026,0.987,0.075,0.134,-0.106,0.982,0.039,-0.068,-0.008,0.997,-0.104,-0.079,0.026,0.991,0.011,-0.011,-0.01,1.0
22.975,0.019,0.027,-0.03,0.999,-0.119,0.249,-0.037,0.961,-0.03,0.211,-0.014,0.977,0.094,0.197,-0.098,0.971,0.038,-0.076,-0.014,0.996,-0.1,-0.097,0.027,0.99,0.013,-0.023,-0.007,1.0
23.0,0.027,0.03,-0.033,0.999,-0.112,0.235,-0.037,0.965,-0.023,0.257,-0.007,0.966,0.099,0.238,-0.096,0.961,0.05,-0.085,-0.022,0.995,-0.094,-0.117,0.028,0.988,0.013,-0.042,-0.002,0.999
23.025,0.032,0.029,-0.035,0.998,-0.084,0.233,-0.038,0.968,-0.04,0.277,-0.011,0.96,0.081,0.26,-0.113,0.956,0.067,-0.094,-0.034,0.993,-0.084,-0.138,0.028,0.986,0.013,-0.07,0.008,0.997
23.05,0.035,0.025,-0.037,0.998,-0.069,0.242,-0.04,0.967,-0.053,0.267,-0.013,0.962,0.063,0.252,-0.1,0.961,0.075,-0.103,-0.046,0.991,-0.076,-0.161,0.027,0.984,0.009,-0.106,0.021,0.994
23.075,0.037,0.022,-0.037,0.998,-0.069,0.253,-0.046,0.964,-0.053,0.238,-0.013,0.97,0.038,0.215,-0.075,0.973,0.079,-0.111,-0.054,0.989,-0.068,-0.186,0.024,0.98,0.005,-0.153,0.033,0.988
23.1,0.041,0.023,-0.035,0.998,-0.078,0.251,-0.055,0.963,-0.051,0.214,-0.017,0.975,0.014,0.17,-0.065,0.983,0.089,-0.117,-0.06,0.987,-0.057,-0.212,0.018,0.975,0.004,-0.212,0.043,0.976
23.125,0.038,0.026,-0.027,0.999,-0.103,0.231,-0.056,0.966,-0.045,0.191,-0.023,0.98,0.022,0.118,-0.066,0.991,0.099,-0.114,-0.064,0.986,-0.038,-0.243,0.009,0.969,0.008,-0.284,0.051,0.957
23.15,0.031,0.028,-0.016,0.999,-0.105,0.217,-0.053,0.969,-0.03,0.163,-0.026,0.986,0.023,0.079,-0.064,0.995,0.104,-0.103,-0.062,0.987,-0.023,-0.28,-0.0,0.96,0.014,-0.366,0.053,0.929
23.175,0.024,0.031,-0.004,0.999,-0.076,0.221,-0.056,0.971,-0.015,0.133,-0.031,0.991,0.027,0.055,-0.063,0.996,0.103,-0.081,-0.053,0.99,-0.027,-0.32,-0.004,0.947,0.018,-0.451,0.039,0.892
23.2,0.02,0.032,0.009,0.999,-0.062,0.214,-0.054,0.973,-0.007,0.108,-0.035,0.993,0.03,0.039,-0.06,0.997,0.096,-0.052,-0.037,0.993,-0.042,-0.355,-0.015,0.934,0.019,-0.53,0.017,0.847
23.225,0.02,0.034,0.021,0.999,-0.064,0.19,-0.056,0.978,-0.001,0.09,-0.039,0.995,0.033,0.032,-0.052,0.998,0.089,-0.024,-0.017,0.996,-0.057,-0.388,-0.017,0.92,0.026,-0.543,0.003,0.839
23.25,0.02,0.037,0.032,0.999,-0.056,0.171,-0.058,0.982,-0.008,0.075,-0.042,0.996,0.034,0.028,-0.047,0.998,0.098,0.001,0.007,0.995,-0.066,-0.406,-0.02,0.911,0.039,-0.511,-0.024,0.858
23.275,0.017,0.039,0.041,0.998,-0.054,0.152,-0.058,0.985,-0.018,0.064,-0.046,0.997,0.032,0.025,-0.046,0.998,0.109,0.027,0.032,0.993,-0.056,-0.407,-0.03,0.911,0.048,-0.478,-0.041,0.876
23.3,0.009,0.034,0.044,0.998,-0.059,0.13,-0.058,0.988,-0.024,0.054,-0.048,0.997,0.031,0.022,-0.046,0.998,0.11,0.055,0.058,0.991,-0.052,-0.39,-0.032,0.919,0.04,-0.43,-0.047,0.901
23.325,0.0,0.03,0.043,0.999,-0.064,0.107,-0.059,0.99,-0.029,0.045,-0.05,0.997,0.03,0.019,-0.049,0.998,0.105,0.085,0.08,0.988,-0.05,-0.356,-0.029,0.933,0.033,-0.375,-0.037,0.926
23.35,-0.008,0.03,0.042,0.999,-0.064,0.087,-0.06,0.992,-0.037,0.037,-0.052,0.997,0.029,0.014,-0.052,0.998,0.092,0.112,0.094,0.985,-0.046,-0.309,-0.025,0.95,0.035,-0.314,-0.016,0.949
23.375,-0.017,0.031,0.041,0.999,-0.062,0.07,-0.063,0.994,-0.045,0.028,-0.053,0.997,0.028,0.011,-0.052,0.998,0.08,0.136,0.105,0.982,-0.046,-0.248,-0.018,0.967,0.034,-0.241,0.005,0.97
23.4,-0.028,0.034,0.043,0.998,-0.059,0.055,-0.065,0.995,-0.05,0.018,-0.054,0.997,0.027,0.007,-0.05,0.998,0.069,0.157,0.113,0.979,-0.055,-0.176,-0.008,0.983,0.026,-0.158,0.027,0.987
23.425,-0.036,0.037,0.046,0.998,-0.056,0.04,-0.066,0.995,-0.053,0.008,-0.055,0.997,0.025,0.003,-0.05,0.998,0.064,0.172,0.122,0.975,-0.068,-0.099,0.001,0.993,0.008,-0.079,0.052,0.995
23.45,-0.04,0.038,0.052,0.997,-0.05,0.025,-0.066,0.996,-0.057,-0.003,-0.056,0.997,0.024,-0.0,-0.051,0.998,0.07,0.179,0.133,0.972,-0.083,-0.02,0.005,0.996,-0.017,-0.001,0.078,0.997
23.475,-0.042,0.038,0.058,0.997,-0.046,0.01,-0.066,0.997,-0.059,-0.016,-0.057,0.996,0.023,-0.003,-0.05,0.998,0.09,0.174,0.146,0.97,-0.094,0.059,0.004,0.994,-0.041,0.075,0.099,0.991
23.5,-0.042,0.037,0.061,0.997,-0.043,-0.003,-0.066,0.997,-0.057,-0.031,-0.059,0.996,0.023,-0.006,-0.045,0.999,0.101,0.164,0.154,0.969,-0.103,0.131,0.002,0.986,-0.054,0.148,0.106,0.982
23.525,-0.043,0.033,0.065,0.996,-0.041,-0.015,-0.067,0.997,-0.052,-0.048,-0.062,0.995,0.021,-0.009,-0.036,0.999,0.097,0.16,0.154,0.97,-0.106,0.195,0.002,0.975,-0.052,0.216,0.111,0.969
23.55,-0.047,0.027,0.07,0.996,-0.039,-0.026,-0.069,0.997,-0.046,-0.067,-0.066,0.994,0.02,-0.013,-0.026,0.999,0.097,0.162,0.156,0.97,-0.095,0.248,0.008,0.964,-0.047,0.265,0.125,0.955
23.575,-0.049,0.025,0.073,0.996,-0.035,-0.036,-0.071,0.996,-0.042,-0.088,-0.069,0.993,0.018,-0.02,-0.02,0.999,0.095,0.166,0.162,0.968,-0.074,0.284,0.015,0.956,-0.042,0.295,0.145,0.944
23.6,-0.05,0.023,0.074,0.996,-0.035,-0.048,-0.073,0.996,-0.042,-0.109,-0.071,0.991,0.018,-0.033,-0.017,0.999,0.091,0.168,0.169,0.967,-0.052,0.3,0.024,0.952,-0.026,0.309,0.158,0.937
23.625,-0.054,0.018,0.074,0.996,-0.04,-0.06,-0.073,0.995,-0.048,-0.132,-0.072,0.987,0.018,-0.054,-0.022,0.998,0.086,0.168,0.177,0.966,-0.036,0.297,0.029,0.954,-0.005,0.309,0.158,0.938
23.65,-0.06,0.012,0.075,0.995,-0.048,-0.072,-0.07,0.994,-0.058,-0.156,-0.073,0.983,0.021,-0.086,-0.035,0.996,0.084,0.165,0.184,0.965,-0.03,0.279,0.032,0.959,0.011,0.294,0.15,0.944
23.675,-0.066,0.007,0.076,0.995,-0.059,-0.081,-0.065,0.993,-0.067,-0.184,-0.073,0.978,0.025,-0.128,-0.053,0.99,0.09,0.155,0.189,0.965,-0.033,0.257,0.031,0.965,0.012,0.258,0.127,0.958
23.7,-0.074,0.006,0.073,0.995,-0.078,-0.086,-0.054,0.992,-0.081,-0.214,-0.07,0.971,0.029,-0.186,-0.079,0.979,0.085,0.142,0.181,0.969,-0.042,0.242,0.032,0.969,0.017,0.203,0.112,0.973
23.725,-0.076,0.009,0.064,0.995,-0.094,-0.085,-0.042,0.991,-0.101,-0.247,-0.064,0.962,0.034,-0.259,-0.107,0.959,0.085,0.128,0.171,0.973,-0.043,0.221,0.032,0.974,0.027,0.145,0.095,0.985
23.75,-0.072,0.01,0.054,0.996,-0.099,-0.075,-0.03,0.992,-0.117,-0.282,-0.059,0.95,0.035,-0.339,-0.134,0.93,0.076,0.124,0.169,0.975,-0.042,0.195,0.032,0.979,0.031,0.101,0.087,0.991
23.775,-0.067,0.012,0.044,0.997,-0.097,-0.056,-0.021,0.994,-0.115,-0.321,-0.06,0.938,0.03,-0.422,-0.143,0.894,0.06,0.125,0.162,0.977,-0.047,0.168,0.032,0.984,0.027,0.07,0.082,0.994
23.8,-0.067,0.016,0.032,0.997,-0.088,-0.029,-0.015,0.996,-0.121,-0.357,-0.056,0.924,0.02,-0.509,-0.142,0.849,0.057,0.111,0.153,0.98,-0.052,0.146,0.031,0.987,0.024,0.045,0.076,0.996
23.825,-0.066,0.021,0.019,0.997,-0.079,0.002,-0.009,0.997,-0.128,-0.386,-0.053,0.912,0.005,-0.585,-0.142,0.798,0.057,0.089,0.141,0.984,-0.061,0.129,0.031,0.989,0.022,0.037,0.06,0.997
23.85,-0.063,0.026,0.006,0.998,-0.073,0.034,-0.006,0.997,-0.125,-0.414,-0.054,0.9,-0.017,-0.605,-0.142,0.783,0.047,0.075,0.129,0.988,-0.066,0.112,0.031,0.991,0.019,0.032,0.046,0.998
23.875,-0.057,0.028,-0.007,0.998,-0.075,0.07,-0.002,0.995,-0.115,-0.428,-0.053,0.895,-0.023,-0.584,-0.113,0.803,0.036,0.065,0.118,0.99,-0.068,0.096,0.033,0.992,0.017,0.028,0.036,0.999
23.9,-0.05,0.03,-0.013,0.998,-0.087,0.105,-0.003,0.991,-0.107,-0.428,-0.051,0.896,-0.021,-0.554,-0.078,0.828,0.031,0.054,0.107,0.992,-0.068,0.082,0.034,0.994,0.017,0.025,0.027,0.999
23.925,-0.041,0.031,-0.017,0.999,-0.099,0.14,-0.007,0.985,-0.111,-0.415,-0.044,0.902,-0.024,-0.514,-0.045,0.856,0.028,0.041,0.096,0.994,-0.069,0.069,0.035,0.995,0.016,0.022,0.02,0.999
23.95,-0.033,0.034,-0.02,0.999,-0.105,0.175,-0.011,0.979,-0.116,-0.389,-0.036,0.913,-0.028,-0.461,-0.015,0.887,0.029,0.027,0.086,0.996,-0.071,0.055,0.036,0.995,0.017,0.021,0.014,1.0
23.975,-0.026,0.038,-0.023,0.999,-0.103,0.207,-0.017,0.973,-0.121,-0.349,-0.028,0.929,-0.032,-0.397,0.008,0.917,0.034,0.014,0.076,0.996,-0.074,0.042,0.036,0.996,0.018,0.019,0.009,1.0
24.0,-0.019,0.044,-0.026,0.999,-0.095,0.237,-0.022,0.967,-0.121,-0.298,-0.022,0.947,-0.03,-0.327,0.019,0.944,0.038,0.001,0.066,0.997,-0.076,0.029,0.036,0.996,0.018,0.017,0.005,1.0
24.025,-0.013,0.05,-0.028,0.998,-0.086,0.262,-0.027,0.961,-0.119,-0.238,-0.019,0.964,-0.026,-0.255,0.014,0.966,0.035,-0.009,0.056,0.998,-0.078,0.015,0.036,0.996,0.019,0.014,0.002,1.0
24.05,-0.007,0.056,-0.029,0.998,-0.078,0.28,-0.028,0.956,-0.111,-0.169,-0.02,0.979,-0.017,-0.18,-0.005,0.984,0.025,-0.018,0.046,0.998,-0.08,0.001,0.036,0.996,0.019,0.011,0.001,1.0
24.075,-0.002,0.06,-0.03,0.998,-0.072,0.293,-0.028,0.953,-0.094,-0.092,-0.023,0.991,-0.001,-0.098,-0.029,0.995,0.016,-0.027,0.038,0.999,-0.082,-0.015,0.035,0.996,0.019,0.007,0.0,1.0
24.1,0.001,0.062,-0.03,0.998,-0.075,0.297,-0.029,0.952,-0.071,-0.01,-0.027,0.997,0.024,-0.016,-0.055,0.998,0.01,-0.037,0.03,0.999,-0.083,-0.031,0.035,0.995,0.019,0.002,-0.001,1.0
24.125,0.004,0.06,-0.03,0.998,-0.086,0.292,-0.035,0.952,-0.05,0.074,-0.028,0.996,0.057,0.064,-0.087,0.993,0.012,-0.047,0.023,0.999,-0.083,-0.048,0.036,0.995,0.02,-0.004,-0.002,1.0
24.15,0.009,0.057,-0.033,0.998,-0.1,0.28,-0.04,0.954,-0.048,0.152,-0.025,0.987,0.091,0.138,-0.127,0.978,0.022,-0.059,0.014,0.998,-0.081,-0.065,0.037,0.994,0.021,-0.012,-0.001,1.0
24.175,0.017,0.054,-0.038,0.998,-0.113,0.263,-0.04,0.957,-0.035,0.222,-0.018,0.974,0.12,0.205,-0.136,0.962,0.036,-0.072,0.003,0.997,-0.077,-0.082,0.038,0.993,0.022,-0.023,0.001,0.999
24.2,0.028,0.052,-0.044,0.997,-0.126,0.248,-0.043,0.96,-0.028,0.273,-0.011,0.962,0.123,0.25,-0.124,0.952,0.052,-0.085,-0.008,0.995,-0.071,-0.101,0.039,0.992,0.022,-0.04,0.008,0.999
24.225,0.037,0.049,-0.046,0.997,-0.103,0.245,-0.043,0.963,-0.046,0.289,-0.019,0.956,0.085,0.274,-0.135,0.948,0.064,-0.095,-0.019,0.993,-0.063,-0.124,0.039,0.99,0.022,-0.065,0.016,0.998
24.25,0.045,0.044,-0.045,0.997,-0.091,0.255,-0.047,0.961,-0.056,0.271,-0.021,0.961,0.06,0.261,-0.117,0.956,0.073,-0.102,-0.028,0.992,-0.056,-0.15,0.036,0.987,0.019,-0.1,0.026,0.994
24.275,0.056,0.04,-0.046,0.997,-0.079,0.268,-0.056,0.958,-0.047,0.231,-0.018,0.972,0.046,0.223,-0.074,0.971,0.089,-0.107,-0.035,0.99,-0.045,-0.178,0.031,0.982,0.018,-0.148,0.036,0.988
24.3,0.065,0.042,-0.043,0.996,-0.068,0.268,-0.064,0.959,-0.049,0.207,-0.021,0.977,0.022,0.176,-0.075,0.981,0.112,-0.107,-0.042,0.987,-0.028,-0.21,0.023,0.977,0.02,-0.21,0.045,0.977
24.325,0.068,0.046,-0.031,0.996,-0.083,0.244,-0.062,0.964,-0.047,0.186,-0.027,0.981,0.038,0.114,-0.083,0.989,0.131,-0.101,-0.046,0.985,-0.008,-0.247,0.013,0.969,0.025,-0.289,0.053,0.956
24.35,0.063,0.049,-0.016,0.997,-0.092,0.227,-0.058,0.968,-0.04,0.157,-0.031,0.986,0.042,0.064,-0.09,0.993,0.142,-0.085,-0.043,0.985,0.005,-0.291,0.007,0.957,0.034,-0.379,0.055,0.923
24.375,0.057,0.053,0.002,0.997,-0.063,0.23,-0.058,0.969,-0.041,0.124,-0.037,0.991,0.047,0.038,-0.094,0.994,0.148,-0.056,-0.034,0.987,0.006,-0.335,0.001,0.942,0.045,-0.472,0.045,0.879
24.4,0.055,0.055,0.022,0.997,-0.052,0.222,-0.053,0.972,-0.036,0.096,-0.042,0.994,0.052,0.028,-0.088,0.994,0.144,-0.023,-0.024,0.989,0.001,-0.372,-0.013,0.928,0.046,-0.555,0.02,0.83
24.425,0.055,0.056,0.037,0.996,-0.05,0.2,-0.056,0.977,-0.035,0.076,-0.045,0.995,0.053,0.021,-0.08,0.995,0.137,0.006,-0.007,0.99,-0.007,-0.401,-0.019,0.916,0.058,-0.582,0.011,0.811
24.45,0.056,0.059,0.044,0.996,-0.038,0.179,-0.059,0.981,-0.039,0.06,-0.048,0.996,0.052,0.016,-0.075,0.996,0.135,0.031,0.018,0.99,-0.024,-0.413,-0.02,0.91,0.061,-0.554,-0.012,0.83
24.475,0.055,0.062,0.048,0.995,-0.027,0.161,-0.059,0.985,-0.044,0.047,-0.049,0.997,0.051,0.012,-0.074,0.996,0.134,0.056,0.045,0.988,-0.029,-0.409,-0.026,0.911,0.057,-0.516,-0.035,0.854
24.5,0.046,0.06,0.051,0.996,-0.024,0.142,-0.061,0.988,-0.049,0.036,-0.051,0.997,0.05,0.008,-0.079,0.996,0.129,0.081,0.072,0.986,-0.026,-0.391,-0.033,0.92,0.058,-0.465,-0.04,0.883
24.525,0.033,0.058,0.052,0.996,-0.026,0.122,-0.064,0.99,-0.054,0.026,-0.053,0.997,0.049,0.004,-0.084,0.995,0.124,0.104,0.096,0.982,-0.022,-0.357,-0.034,0.933,0.052,-0.404,-0.042,0.912
24.55,0.019,0.058,0.053,0.997,-0.03,0.103,-0.067,0.992,-0.059,0.017,-0.053,0.997,0.048,-0.0,-0.087,0.995,0.109,0.131,0.113,0.979,-0.02,-0.311,-0.033,0.95,0.05,-0.338,-0.032,0.939
24.575,0.009,0.055,0.052,0.997,-0.034,0.085,-0.071,0.993,-0.062,0.008,-0.054,0.997,0.046,-0.003,-0.085,0.995,0.092,0.155,0.125,0.976,-0.026,-0.254,-0.027,0.967,0.044,-0.265,-0.014,0.963
24.6,-0.001,0.053,0.053,0.997,-0.031,0.068,-0.073,0.994,-0.064,-0.001,-0.054,0.996,0.043,-0.005,-0.081,0.996,0.078,0.174,0.138,0.972,-0.036,-0.186,-0.02,0.982,0.035,-0.187,0.005,0.982
24.625,-0.011,0.052,0.057,0.997,-0.022,0.052,-0.076,0.996,-0.064,-0.009,-0.055,0.996,0.041,-0.006,-0.075,0.996,0.073,0.189,0.148,0.968,-0.047,-0.109,-0.013,0.993,0.022,-0.104,0.028,0.994
24.65,-0.018,0.049,0.06,0.997,-0.01,0.033,-0.08,0.996,-0.064,-0.016,-0.055,0.996,0.039,-0.007,-0.07,0.997,0.077,0.195,0.156,0.965,-0.061,-0.025,-0.004,0.998,0.004,-0.017,0.053,0.998
24.675,-0.02,0.042,0.063,0.997,-0.002,0.013,-0.082,0.997,-0.066,-0.024,-0.055,0.996,0.038,-0.008,-0.067,0.997,0.08,0.193,0.161,0.965,-0.074,0.06,0.002,0.995,-0.018,0.069,0.081,0.994
24.7,-0.021,0.033,0.065,0.997,0.001,-0.008,-0.083,0.997,-0.067,-0.034,-0.057,0.996,0.036,-0.009,-0.062,0.997,0.097,0.182,0.165,0.965,-0.08,0.141,0.004,0.987,-0.038,0.15,0.107,0.982
24.725,-0.023,0.025,0.069,0.997,0.001,-0.025,-0.082,0.996,-0.06,-0.047,-0.061,0.995,0.035,-0.01,-0.052,0.998,0.11,0.169,0.166,0.965,-0.073,0.209,0.008,0.975,-0.042,0.219,0.126,0.967
24.75,-0.027,0.021,0.073,0.997,0.002,-0.038,-0.083,0.996,-0.052,-0.064,-0.064,0.995,0.034,-0.014,-0.043,0.998,0.117,0.164,0.164,0.966,-0.054,0.264,0.016,0.963,-0.026,0.272,0.141,0.952
24.775,-0.029,0.019,0.076,0.996,0.003,-0.049,-0.085,0.995,-0.051,-0.085,-0.067,0.993,0.033,-0.021,-0.041,0.998,0.122,0.161,0.174,0.964,-0.036,0.299,0.024,0.953,-0.01,0.307,0.151,0.94
